university,college,department,branch,min_grade
جامعة بغداد,كلية الطب,,علمي,101.41
جامعة بغداد,كلية طب الكندي,,علمي,100.77
جامعة النهرين,كلية الطب,,علمي,100.71
جامعة كربالء,كلية الطب,,علمي,100.66
جامعة بابل,كلية الطب,,علمي,100.57
جامعة الكوفة,كلية الطب,,علمي,100.57
جامعة الموصل,كلية طب الموصل,,علمي,100.57
جامعة كركوك,كلية الطب,,علمي,100.43
الجامعة المستنصرية,كلية الطب,,علمي,100.29
الجامعة العراقية,كلية الطب,,علمي,100.13
جامعة ابن سينا للعلوم الطبية والصيدالنية,كلية الطب,,علمي,100.1
جامعة ذي قار,كلية الطب,,علمي,100.04
جامعة جابر بن حيان للعلوم الطبية والصيدالنية,كلية الطب,,علمي,100.0
جامعة بابل,كلية طب حمورابي,,علمي,100.0
جامعة البصرة,كلية الطب,,علمي,99.86
جامعة المثنى,كلية الطب,ابناء المحافظة,علمي,99.86
جامعة الفلوجة,كلية الطب,,علمي,99.86
جامعة ديالى,كلية الطب,,علمي,99.86
جامعة واسط,كلية الطب,,علمي,99.86
جامعة القادسية,كلية الطب,,علمي,99.86
جامعة المثنى,كلية الطب,,علمي,99.83
جامعة النبار,كلية الطب,,علمي,99.71
جامعة نينوى,كلية الطب,,علمي,99.71
جامعة البصرة,كلية طب الزهراء,,علمي,99.71
جامعة ميسان,كلية الطب,,علمي,99.71
جامعة سومر,كلية الطب,,علمي,99.69
جامعة الموصل,كلية طب البتول,,علمي,99.57
جامعة تكريت,كلية الطب,,علمي,99.57
جامعة تكريت,كلية الطب,ابناء المحافظة,علمي,99.29
جامعة ميسان,كلية الطب,ابناء المحافظة,علمي,98.43
جامعة بغداد,كلية طب السنان,,علمي,99.43
جامعة ذي قار,كلية طب السنان,,علمي,99.29
جامعة الكوفة,كلية طب السنان,,علمي,99.29
الجامعة المستنصرية,كلية طب السنان,,علمي,99.28
جامعة البصرة,كلية طب السنان,,علمي,99.14
جامعة القادسية,كلية طب السنان,,علمي,99.0
جامعة ميسان,كلية طب السنان,,علمي,99.0
جامعة بابل,كلية طب السنان,,علمي,99.0
جامعة كربالء,كلية طب السنان,,علمي,99.0
الجامعة العراقية,كلية طب السنان,,علمي,99.0
جامعة كركوك,كلية طب السنان,,علمي,98.98
جامعة واسط,كلية طب السنان,,علمي,98.96
جامعة ابن سينا للعلوم الطبية والصيدالنية,كلية طب السنان,,علمي,98.86
جامعة المثنى,كلية طب السنان,,علمي,98.86
جامعة النبار,كلية طب السنان,,علمي,98.71
جامعة ديالى,كلية طب السنان,,علمي,98.71
جامعة الموصل,كلية طب السنان,,علمي,98.71
جامعة تكريت,كلية طب السنان,,علمي,98.67
جامعة ميسان,كلية طب السنان,ابناء المحافظة,علمي,97.86
جامعة بغداد,كلية الصيدلة,,علمي,99.14
جامعة الكوفة,كلية الصيدلة,,علمي,98.72
جامعة النهرين,كلية الصيدلة,,علمي,98.71
الجامعة المستنصرية,كلية الصيدلة,,علمي,98.63
جامعة البصرة,كلية الصيدلة,,علمي,98.57
جامعة جابر بن حيان للعلوم الطبية والصيدالنية,كلية الصيدلة,,علمي,98.57
جامعة ذي قار,كلية الصيدلة,,علمي,98.53
جامعة بابل,كلية الصيدلة,,علمي,98.51
جامعة كربالء,كلية الصيدلة,,علمي,98.51
جامعة القادسية,كلية الصيدلة,,علمي,98.48
جامعة المثنى,كلية الصيدلة,,علمي,98.43
جامعة النبار,كلية الصيدلة,,علمي,98.43
جامعة كركوك,كلية الصيدلة,,علمي,98.43
جامعة ميسان,كلية الصيدلة,,علمي,98.43
جامعة نينوى,كلية الصيدلة,,علمي,98.29
جامعة الموصل,كلية الصيدلة,,علمي,98.29
جامعة تكريت,كلية الصيدلة,,علمي,98.29
جامعة ميسان,كلية الصيدلة,ابناء المحافظة,علمي,97.14
جامعة بغداد,كلية الهندسة-قسم العمارة,,علمي,98.43
جامعة البصرة للنفط والغاز,كلية هندسة النفط والغاز-قسم هندسة النفط والغاز,,علمي,98.14
جامعة النهرين,كلية الهندسة-قسم العمارة,,علمي,98.03
جامعة البصرة,كلية الهندسة-قسم النفط والغاز,,علمي,97.91
الجامعة المستنصرية,كلية الهندسة-قسم العمارة,,علمي,97.9
جامعة كربالء,كلية الهندسة-قسم النفط,,علمي,97.71
الجامعة التكنولوجية,كلية هندسة العمارة-قسم التصميم المعماري,,علمي,97.71
جامعة كربالء,كلية الهندسة-قسم العمارة,,علمي,97.61
جامعة بغداد,كلية الهندسة-الخوارزمي-قسم الطب الحياتي,,علمي,97.57
جامعة بغداد,كلية الهندسة-قسم النفط,,علمي,97.57
جامعة الكوفة,كلية الهندسة-قسم العمارة,,علمي,97.47
جامعة بابل,كلية الهندسة-قسم العمارة,,علمي,97.47
جامعة البصرة,كلية الهندسة-قسم العمارة,,علمي,97.43
جامعة النهرين,كلية الهندسة-قسم الطب الحياتي,,علمي,97.43
جامعة كربالء,كلية الهندسة-قسم الطب الحياتي,,علمي,97.42
الجامعة التكنولوجية,كلية هندسة العمارة-قسم التصميم الحضري,,علمي,97.29
جامعة الموصل,كلية الهندسة-قسم العمارة,,علمي,97.29
جامعة البصرة للنفط والغاز,كلية هندسة النفط والغاز-قسم الهندسة الكيميائية وتكرير النفط,,علمي,97.14
جامعة ميسان,كلية الهندسة-قسم النفط,,علمي,96.86
جامعة بغداد,كلية الهندسة-قسم المدني,,علمي,96.71
جامعة بغداد,كلية الهندسة-قسم الطيران,,علمي,96.71
الجامعة التكنولوجية,كلية هندسة الطب الحياتي-قسم الجهزة الطبية الحيوية,,علمي,96.57
الجامعة التكنولوجية,كلية هندسة النفط والغاز-قسم النفط,,علمي,96.57
جامعة النهرين,كلية هندسة المعلومات-قسم المن السيبراني,,علمي,96.46
جامعة المثنى,كلية الهندسة-قسم العمارة,,علمي,96.43
جامعة ذي قار,كلية الهندسة-قسم النفط والغاز,,علمي,96.43
جامعة البصرة للنفط والغاز,كلية هندسة النفط والغاز-قسم هندسة عمليات الغاز والبتروكيمياويات,,علمي,96.29
جامعة واسط,كلية الهندسة-قسم العمارة,,علمي,96.29
جامعة ديالى,كلية الهندسة-قسم العمارة,,علمي,96.14
جامعة سامراء,كلية الهندسة-قسم العمارة,,علمي,96.11
جامعة النهرين,كلية الهندسة-قسم الذكاء الصطناعي والنسان اآللي,,علمي,96.0
جامعة بابل,كلية الهندسة-قسم الطب الحياتي,,علمي,95.86
جامعة النهرين,كلية الهندسة-قسم المدني,,علمي,95.86
جامعة كركوك,كلية الهندسة-قسم النفط,,علمي,95.71
جامعة النهرين,كلية الهندسة-قسم الليزر,,علمي,95.71
جامعة بغداد,كلية الهندسة-قسم الحاسوب,,علمي,95.43
جامعة ذي قار,كلية الهندسة-قسم الطب الحياتي,,علمي,95.43
جامعة النهرين,كلية الهندسة-قسم الطراف والمساند الصناعية,,علمي,95.29
جامعة البصرة,كلية الهندسة-قسم الكيمياوية,,علمي,95.29
الجامعة المستنصرية,كلية الهندسة-قسم المدني,,علمي,95.29
جامعة النهرين,كلية هندسة المعلومات-قسم التمتة والذكاء الصطناعي,,علمي,95.0
جامعة كربالء,كلية الهندسة-قسم الطراف والمساند الصناعية,,علمي,94.95
جامعة البصرة,كلية الهندسة-قسم المدني,,علمي,94.86
الجامعة التكنولوجية,كلية الهندسة الكيميائية-قسم هندسة تكرير النفط وتكنولوجيا الغاز,,علمي,94.71
جامعة النبار,كلية الهندسة-قسم المدني,,علمي,94.57
الجامعة التكنولوجية,كلية هندسة النفط والغاز-قسم الغاز الطبيعي,,علمي,94.57
الجامعة التكنولوجية,كلية هندسة الطب الحياتي-قسم الميكانيك الحيوي,,علمي,94.47
جامعة نينوى,كلية هندسة اللكترونيات-قسم الطب الحياتي,,علمي,94.43
الجامعة العراقية,كلية الهندسة-قسم الشبكات والمن السيبراني,,علمي,94.43
جامعة ميسان,كلية الهندسة-قسم الكيمياوية,,علمي,94.43
جامعة النهرين,كلية الهندسة-قسم الحاسوب,,علمي,94.43
الجامعة العراقية,كلية الهندسة-قسم المدني,,علمي,94.43
الجامعة التكنولوجية,كلية هندسة الحاسوب-قسم الشبكات والمن السيبراني,,علمي,94.29
جامعة القادسية,كلية الهندسة-قسم المدني,,علمي,94.29
الجامعة التكنولوجية,كلية الهندسة المدنية-قسم النشائية,,علمي,94.14
الجامعة التكنولوجية,كلية هندسة الليزر واللكترونيات البصرية-قسم الليزر,,علمي,94.14
الجامعة التكنولوجية,كلية الهندسة المدنية-قسم البناء وادارة المشاريع النشائية,,علمي,94.14
جامعة البصرة,كلية الهندسة-قسم الحاسوب,,علمي,94.0
الجامعة التكنولوجية,كلية هندسة الذكاء الصطناعي-قسم انظمة الحوسبة الذكية والمن السيبراني,,علمي,94.0
جامعة كربالء,كلية الهندسة-قسم المدني,,علمي,93.86
جامعة الكوفة,كلية الهندسة-قسم المدني,,علمي,93.71
جامعة واسط,كلية الهندسة-قسم المدني,,علمي,93.71
جامعة البصرة,كلية الهندسة-قسم الميكاترونكس,,علمي,93.71
جامعة تكريت,كلية هندسة العمليات النفطية-قسم هندسة تكرير النفط والغاز,,علمي,93.71
جامعة بابل,كلية الهندسة-قسم المدني,,علمي,93.68
جامعة بغداد,كلية الهندسة-قسم الكهرباء,,علمي,93.57
جامعة ذي قار,كلية الهندسة-قسم المدني,,علمي,93.57
جامعة ميسان,كلية الهندسة-قسم المدني,,علمي,93.43
جامعة البصرة,كلية الهندسة-قسم الكهرباء,,علمي,93.43
جامعة بغداد,كلية الهندسة-قسم اللكترونيك والتصالت,,علمي,93.29
جامعة البصرة,كلية الهندسة-قسم الميكانيك,,علمي,93.29
جامعة الموصل,كلية الهندسة-قسم المدني,,علمي,93.25
جامعة الموصل,كلية هندسة النفط والتعدين-قسم النفط والتكرير,,علمي,93.14
جامعة كربالء,كلية الهندسة-قسم الكهرباء واللكترونيك,,علمي,93.0
الجامعة المستنصرية,كلية الهندسة-قسم الحاسوب,,علمي,92.9
جامعة ميسان,كلية الهندسة-قسم الطب الحياتي,,علمي,92.86
الجامعة العراقية,كلية الهندسة-قسم الذكاء الصطناعي والنسان اللي,,علمي,92.86
الجامعة التكنولوجية,كلية هندسة الليزر واللكترونيات البصرية-قسم اللكترونيات البصرية,,علمي,92.71
جامعة بغداد,كلية الهندسة-الخوارزمي-قسم الكيميائية الحيائية,,علمي,92.57
جامعة بغداد,كلية الهندسة-قسم الكيمياوية,,علمي,92.43
الجامعة التكنولوجية,كلية هندسة الحاسوب-قسم الحاسوب,,علمي,92.36
جامعة ميسان,كلية الهندسة-قسم الكهرباء,,علمي,92.29
الجامعة التكنولوجية,كلية الهندسة المدنية-قسم الطرق والجيوتكنك,,علمي,92.29
الجامعة التكنولوجية,كلية هندسة الذكاء الصطناعي-قسم النسان اللي الذكي,,علمي,92.19
جامعة البصرة,كلية الهندسة-قسم المواد,,علمي,92.14
جامعة بغداد,كلية الهندسة-الخوارزمي-قسم المعلومات والتصالت,,علمي,92.03
الجامعة التكنولوجية,كلية هندسة الذكاء الصطناعي-قسم السيطرة الذكية,,علمي,92.02
جامعة النهرين,كلية هندسة المعلومات-قسم المعلومات والتصالت,,علمي,92.0
جامعة كركوك,كلية الهندسة-قسم المدني,,علمي,92.0
جامعة بغداد,كلية الهندسة-الخوارزمي-قسم الميكاترونكس,,علمي,91.71
جامعة النهرين,كلية هندسة المعلومات-قسم شبكات الحاسوب,,علمي,91.71
الجامعة العراقية,كلية الهندسة-قسم الحاسوب,,علمي,91.43
جامعة النهرين,كلية الهندسة-قسم الكيمياوي,,علمي,91.43
جامعة المثنى,كلية الهندسة-قسم المدني,,علمي,91.29
جامعة الموصل,كلية الهندسة-قسم الحاسوب,,علمي,91.29
جامعة بغداد,كلية الهندسة-قسم الطاقة,,علمي,91.14
جامعة ميسان,كلية الهندسة-قسم الميكانيكية,,علمي,91.0
جامعة تكريت,كلية الهندسة-قسم المدني,,علمي,91.0
جامعة النهرين,كلية الهندسة-قسم اللكترونية والتصالت,,علمي,90.86
جامعة سامراء,كلية الهندسة-قسم المدنية,,علمي,90.86
جامعة ديالى,كلية الهندسة-قسم المدني,,علمي,90.86
جامعة المثنى,كلية هندسة الذكاء الصطناعي والمن السيبراني-قسم المن السيبراني,,علمي,90.71
جامعة الكرخ للعلوم,كلية الهندسة-قسم المدني,,علمي,90.69
جامعة القاسم الخضراء,كلية الهندسة-قسم المدنية,,علمي,90.57
الجامعة التكنولوجية,كلية هندسة الذكاء الصطناعي-قسم النظمة الدراكية,,علمي,90.57
الجامعة التكنولوجية,كلية الهندسة الكهربائية-قسم الكهرباء,,علمي,90.57
الجامعة المستنصرية,كلية الهندسة-قسم الكهرباء,,علمي,90.43
جامعة المثنى,كلية هندسة الذكاء الصطناعي والمن السيبراني-قسم الذكاء الصطناعي,,علمي,90.43
الجامعة التكنولوجية,كلية الهندسة الكيميائية-قسم الهندسة الكيمياوية والتلوث النفطي,,علمي,90.43
جامعة ديالى,كلية هندسة تكنولوجيا الذكاء الصطناعي-قسم هندسة الذكاء الصطناعي,,علمي,90.29
الجامعة التكنولوجية,كلية الهندسة الميكانيكية-قسم الطائرات,,علمي,90.29
جامعة تكريت,كلية هندسة العمليات النفطية-قسم سيطرة المنظومات النفطية,,علمي,90.29
جامعة الموصل,كلية هندسة النفط والتعدين-قسم المكامن النفطية,,علمي,90.0
جامعة بغداد,كلية الهندسة-قسم المساحة,,علمي,90.0
جامعة بغداد,كلية الهندسة-قسم الميكانيك,,علمي,89.86
جامعة الكرخ للعلوم,كلية الهندسة-قسم المن السيبراني,,علمي,89.86
جامعة النهرين,كلية الهندسة-قسم الطائرات المسيرة,,علمي,89.81
جامعة الكوفة,كلية الهندسة-قسم اللكترون والتصالت,,علمي,89.76
جامعة الشطرة,كلية الهندسة-قسم المدنية,,علمي,89.71
جامعة الكوفة,كلية الهندسة-قسم الكهرباء,,علمي,89.71
جامعة واسط,كلية الهندسة-قسم الكهرباء,,علمي,89.57
جامعة ديالى,كلية هندسة تكنولوجيا الذكاء الصطناعي-قسم هندسة المن السيبراني,,علمي,89.57
الجامعة التكنولوجية,كلية الهندسة الكيميائية-قسم هندسة العمليات الكيمياوية,,علمي,89.55
جامعة النبار,كلية الهندسة-قسم الكيميائية والبتروكيميائية,,علمي,89.43
جامعة بابل,كلية الهندسة-قسم الكهرباء,,علمي,89.33
جامعة الموصل,كلية هندسة النفط والتعدين-قسم التعدين,,علمي,89.14
جامعة الكرخ للعلوم,كلية الهندسة-قسم الذكاء الصطناعي والنسان اللي,,علمي,89.0
جامعة الكوفة,كلية الهندسة-قسم الكيمياوية,,علمي,89.0
الجامعة التكنولوجية,كلية الهندسة المدنية-قسم المنشآت الهيدروليكية والموارد المائية,,علمي,88.86
الجامعة العراقية,كلية الهندسة-قسم الكهربائية,,علمي,88.86
الجامعة التكنولوجية,كلية الهندسة المدنية-قسم الجيوماتيك,,علمي,88.86
جامعة ذي قار,كلية الهندسة-قسم الكهربائية واللكترونية,,علمي,88.57
جامعة كربالء,كلية الهندسة-قسم الميكانيك,,علمي,88.57
الجامعة التكنولوجية,كلية هندسة التصالت-قسم نظم التصالت الالسلكية,,علمي,88.29
الجامعة التكنولوجية,كلية هندسة الكهروميكانيك-قسم هندسة نظم الطائرات بدون طيار,,علمي,88.29
الجامعة التكنولوجية,كلية هندسة الكهروميكانيك-قسم معدات النفط والغاز,,علمي,88.14
الجامعة التكنولوجية,كلية الهندسة الكهربائية-قسم اللكترونيك,,علمي,88.14
جامعة النبار,كلية الهندسة-قسم الكهربائية,,علمي,88.14
جامعة بابل,كلية الهندسة-قسم الكيمياوية,,علمي,88.0
جامعة النهرين,كلية الهندسة-قسم الميكانيك,,علمي,87.72
جامعة تكنولوجيا المعلومات والتصالت,كلية الهندسة-قسم هندسة التصالت والحوسبة المتنقلة,,علمي,87.71
الجامعة التكنولوجية,كلية هندسة التصالت-قسم نظم التصالت الضوئية,,علمي,87.51
جامعة الشطرة,كلية الهندسة-قسم الطب الحياتي,,علمي,87.43
جامعة الموصل,كلية الهندسة-قسم الميكاترونكس,,علمي,87.29
جامعة بغداد,كلية الهندسة-الخوارزمي-قسم التصنيع المؤتمت,,علمي,87.29
الجامعة التكنولوجية,كلية الهندسة الميكانيكية-قسم الميكانيك العام,,علمي,86.71
الجامعة التكنولوجية,كلية الهندسة المدنية-قسم الهندسة البيئية,,علمي,86.71
جامعة تكنولوجيا المعلومات والتصالت,كلية الهندسة-قسم هندسة تكنولوجيا العالم والتصالت,,علمي,86.29
جامعة ذي قار,كلية الهندسة-قسم الميكانيك,,علمي,86.29
الجامعة المستنصرية,كلية الهندسة-قسم الطرق,,علمي,86.0
جامعة ديالى,كلية الهندسة-قسم الحاسوب,,علمي,86.0
جامعة الموصل,كلية الهندسة-قسم الكهرباء,,علمي,85.86
الجامعة العراقية,كلية الهندسة-قسم الطاقة والطاقات المتجددة,,علمي,85.86
جامعة بابل,كلية الهندسة-قسم الميكانيك,,علمي,85.71
جامعة القادسية,كلية الهندسة-قسم اللكترونيك والتصالت,,علمي,85.71
الجامعة المستنصرية,كلية الهندسة-قسم الميكانيك,,علمي,85.71
الجامعة التكنولوجية,كلية هندسة التصالت-قسم الرادار والقمار الصناعية,,علمي,85.6
جامعة القادسية,كلية الهندسة-قسم الكيمياوي,,علمي,85.57
جامعة كركوك,كلية الهندسة-قسم الكهرباء,,علمي,85.57
جامعة بغداد,كلية الهندسة-قسم الموارد المائية,,علمي,85.43
جامعة بغداد,كلية الهندسة-قسم البيئة,,علمي,85.29
جامعة كركوك,كلية الهندسة-قسم الكيمياوية,,علمي,85.14
جامعة المثنى,كلية الهندسة-قسم الكيمياوي,,علمي,85.14
جامعة ديالى,كلية الهندسة-قسم الكيمياوي,,علمي,85.0
الجامعة التكنولوجية,كلية هندسة الكهروميكانيك-قسم الطاقة والطاقات المتجددة,,علمي,84.86
جامعة ذي قار,كلية الهندسة-قسم المساحة والجيوماتيك,,علمي,84.86
جامعة تكريت,كلية الهندسة-قسم الكيمياوي,,علمي,84.71
جامعة الموصل,كلية الهندسة-قسم هندسة التصالت والنظمة الرقمية الذكية,,علمي,84.71
جامعة الكوفة,كلية الهندسة-قسم الميكانيك,,علمي,84.14
جامعة المثنى,كلية الهندسة-قسم التصالت واللكترونيك,,علمي,84.0
جامعة واسط,كلية الهندسة-قسم الميكانيك,,علمي,83.86
الجامعة التكنولوجية,كلية هندسة الكهروميكانيك-قسم الهندسة الكهروميكانيكية,,علمي,83.71
جامعة القادسية,كلية الهندسة-قسم الميكانيك,,علمي,83.57
الجامعة التكنولوجية,كلية الهندسة الميكانيكية-قسم محطات القدرة,,علمي,83.14
الجامعة المستنصرية,كلية الهندسة-قسم المواد,,علمي,83.14
الجامعة التكنولوجية,كلية هندسة المواد-قسم المواد,,علمي,82.71
جامعة سومر,كلية الهندسة-قسم الميكانيك,,علمي,82.71
جامعة النبار,كلية الهندسة-قسم الميكانيك,,علمي,82.43
الجامعة التكنولوجية,كلية الهندسة الميكانيكية-قسم التكييف والتجميد,,علمي,82.43
الجامعة التكنولوجية,كلية الهندسة الميكانيكية-قسم السيارات والتنقل المستدام,,علمي,82.0
جامعة القادسية,كلية الهندسة-قسم الطرق والنقل,,علمي,81.71
جامعة ديالى,كلية الهندسة-قسم التصالت,,علمي,81.71
جامعة سومر,كلية الهندسة-قسم التصالت,,علمي,81.29
جامعة نينوى,كلية هندسة اللكترونيات-قسم التصالت,,علمي,81.15
الجامعة التكنولوجية,كلية هندسة النتاج والمعادن-قسم المعادن,,علمي,81.0
جامعة ديالى,كلية الهندسة-قسم الطرق والمطارات,,علمي,80.86
جامعة الموصل,كلية الهندسة-قسم الميكانيك,,علمي,80.86
جامعة ديالى,كلية الهندسة-قسم الميكانيك,,علمي,80.71
جامعة الشطرة,كلية الهندسة-قسم الحاسوب والذكاء الصطناعي,,علمي,80.71
الجامعة المستنصرية,كلية الهندسة-قسم البيئة,,علمي,80.57
جامعة ديالى,كلية الهندسة-قسم القدرة والمكائن الكهربائية,,علمي,80.43
جامعة الكوفة,كلية الهندسة-قسم المواد,,علمي,80.16
الجامعة التكنولوجية,كلية هندسة المواد-قسم المواد الحيائية والتعويضات الصطناعية,,علمي,80.0
الجامعة التكنولوجية,كلية هندسة الكهروميكانيك-قسم المالحة والتوجيه,,علمي,80.0
جامعة بابل,كلية الهندسة-قسم البيئة,,علمي,79.86
جامعة كركوك,كلية الهندسة-قسم الميكانيك,,علمي,79.86
الجامعة المستنصرية,كلية الهندسة-قسم الموارد المائية,,علمي,79.57
جامعة تكريت,كلية الهندسة-قسم الكهرباء,,علمي,79.57
جامعة سامراء,كلية الهندسة-قسم الكهروميكانيكية,,علمي,79.43
جامعة ديالى,كلية الهندسة-قسم اللكترونيك,,علمي,79.29
الجامعة التكنولوجية,كلية هندسة النتاج والمعادن-قسم التصميم والتصنيع المعان بالحاسوب,,علمي,79.14
جامعة بابل,هندسة المواد-قسم المعادن,,علمي,79.0
جامعة القادسية,كلية الهندسة-قسم المواد,,علمي,78.86
الجامعة التكنولوجية,كلية هندسة النتاج والمعادن-قسم التصنيع الذكي,,علمي,78.71
الجامعة التكنولوجية,كلية هندسة المواد-قسم المواد البوليمرية والبتروكيمياوية,,علمي,78.57
جامعة نينوى,كلية هندسة اللكترونيات-قسم الحاسوب والمعلوماتية,,علمي,78.57
جامعة الموصل,كلية الهندسة-قسم الطاقة المستدامة,,علمي,78.43
الجامعة التكنولوجية,كلية هندسة النتاج والمعادن-قسم التعدين واستخالص المعادن,,علمي,78.29
الجامعة التكنولوجية,كلية هندسة النتاج والمعادن-قسم الصناعية والنظم,,علمي,77.29
جامعة الكوفة,كلية الهندسة-قسم المنشأت والموارد المائية,,علمي,77.29
جامعة بابل,هندسة المواد-قسم البوليمرات والصناعات البتروكيمياوية,,علمي,77.29
جامعة ديالى,كلية الهندسة-قسم المواد,,علمي,77.14
الجامعة التكنولوجية,كلية هندسة المواد-قسم السيراميك ومواد البناء,,علمي,77.0
جامعة النبار,كلية الهندسة-قسم السدود وموارد المياه,,علمي,76.86
جامعة بابل,كلية الهندسة,المسيب-قسم الطاقة والطاقات المتجددة,علمي,76.29
جامعة الموصل,كلية الهندسة-قسم البيئة,,علمي,75.71
جامعة تكريت,كلية الهندسة-قسم الميكانيك,,علمي,75.71
جامعة تكريت,كلية الهندسة-قسم الطاقة المستدامة,,علمي,75.57
جامعة بابل,هندسة المواد-قسم السيراميك ومواد البناء,,علمي,75.29
جامعة الموصل,كلية الهندسة-قسم السدود والموارد المائية,,علمي,73.71
جامعة نينوى,كلية هندسة اللكترونيات-قسم اللكترونيك,,علمي,73.71
جامعة بابل,هندسة المواد-قسم السالمة المهنية والحرائق,,علمي,73.29
جامعة تكريت,كلية الهندسة-قسم البيئة,,علمي,73.29
جامعة القاسم الخضراء,كلية الهندسة-قسم ادارة الموارد المائية,,علمي,72.57
جامعة نينوى,كلية هندسة اللكترونيات-قسم النظم والسيطرة,,علمي,72.0
جامعة تكريت,كلية الهندسة,الشرقاط-قسم الكهربائية,علمي,71.71
جامعة الشطرة,كلية الهندسة-قسم المواد,,علمي,71.43
جامعة تكريت,كلية الهندسة-قسم السدود والموارد المائية,,علمي,71.0
جامعة بابل,كلية الهندسة,المسيب-قسم تكييف الهواء والتجميد,علمي,69.86
جامعة تكريت,كلية الهندسة,الشرقاط-قسم الميكانيكية,علمي,69.29
جامعة بابل,كلية الهندسة,المسيب-قسم السيارات,علمي,67.71
جامعة جابر بن حيان للعلوم الطبية والصيدالنية,كلية العلوم الطبية,,علمي,87.43
جامعة كربالء,كلية العلوم الطبية التطبيقية,,علمي,85.57
جامعة ميسان,كلية العلوم,,علمي,83.0
جامعة البصرة,كلية العلوم,,علمي,81.14
جامعة بغداد,كلية العلوم,,علمي,79.0
جامعة كربالء,كلية العلوم,,علمي,78.86
جامعة بغداد,كلية العلوم-قسم الرياضيات,,علمي,78.43
جامعة البصرة,كلية العلوم-قسم الرياضيات,,علمي,78.29
جامعة المثنى,كلية العلوم الطبية التطبيقية,,علمي,77.29
جامعة النهرين,كلية العلوم,,علمي,76.57
جامعة النهرين,كلية العلوم-قسم الرياضيات وتطبيقات الحاسوب,,علمي,76.14
الجامعة المستنصرية,كلية العلوم,,علمي,75.71
جامعة المثنى,كلية العلوم,,علمي,75.43
جامعة بغداد,كلية العلوم-قسم الفلك والفضاء,,علمي,75.0
الجامعة المستنصرية,كلية العلوم-قسم الرياضيات,,علمي,74.14
جامعة واسط,كلية العلوم,,علمي,73.86
الجامعة التكنولوجية,كلية العلوم التطبيقية,,علمي,72.43
جامعة الكرخ للعلوم,كلية العلوم,,علمي,72.0
جامعة ذي قار,كلية العلوم,,علمي,71.86
جامعة بابل,كلية العلوم,,علمي,71.71
جامعة الفلوجة,كلية العلوم التطبيقية,,علمي,71.43
جامعة المثنى,كلية العلوم-قسم الرياضيات وتطبيقات الحاسوب,,علمي,71.14
جامعة الموصل,كلية العلوم,,علمي,69.43
جامعة سومر,كلية العلوم,,علمي,68.86
جامعة ديالى,كلية العلوم,,علمي,68.57
جامعة تكنولوجيا المعلومات والتصالت,كلية المعلوماتية الطبية الحيوية,,علمي,67.86
جامعة تكريت,كلية العلوم,,علمي,67.86
جامعة النبار,كلية العلوم,,علمي,67.71
جامعة كركوك,كلية العلوم,,علمي,67.0
جامعة سامراء,كلية العلوم التطبيقية,,علمي,67.0
جامعة الكوفة,كلية العلوم,,علمي,66.71
جامعة القادسية,كلية العلوم-قسم الرياضيات,,علمي,66.14
جامعة القاسم الخضراء,كلية العلوم,,علمي,65.71
جامعة الشطرة,كلية العلوم الطبية التطبيقية,,علمي,64.0
جامعة القادسية,كلية العلوم,,علمي,64.0
جامعة الكرخ للعلوم,كلية علوم الطاقة والبيئة,,علمي,63.0
جامعة النبار,كلية العلوم التطبيقية,هيت,علمي,63.0
جامعة كربالء,كلية علوم الحاسوب وتكنولوجيا المعلومات,,علمي,81.43
جامعة البصرة,كلية علوم الحاسوب وتكنولوجيا المعلومات,,علمي,81.43
الجامعة التكنولوجية,كلية علوم الحاسوب,,علمي,79.0
جامعة بابل,كلية تكنولوجيا المعلومات,,علمي,74.71
جامعة ذي قار,كلية علوم الحاسوب والرياضيات-قسم الرياضيات,,علمي,71.86
جامعة ذي قار,كلية علوم الحاسوب والرياضيات-قسم الحاسوب,,علمي,70.86
جامعة تكنولوجيا المعلومات والتصالت,كلية معلوماتية العمال,,علمي,70.14
جامعة ذي قار,كلية علوم الحاسوب والرياضيات-قسم تكنولوجيا المعلومات,,علمي,69.86
جامعة الكوفة,كلية علوم الحاسوب والرياضيات,,علمي,68.86
جامعة واسط,كلية علوم الحاسوب وتكنولوجيا المعلومات,,علمي,67.14
جامعة تكريت,كلية علوم الحاسوب والرياضيات,,علمي,66.43
جامعة تكريت,كلية علوم الحاسوب والرياضيات-قسم الرياضيات,,علمي,65.86
جامعة الحمدانية,كلية الحاسبات والمعلوماتية,,علمي,64.14
جامعة كركوك,كلية علوم الحاسوب وتكنولوجيا المعلومات,,علمي,63.57
جامعة الفلوجة,كلية تكنولوجيا المعلومات,,علمي,63.0
جامعة نينوى,كلية تكنولوجيا المعلومات,,علمي,63.0
جامعة سومر,كلية علوم الحاسوب وتكنولوجيا المعلومات,,علمي,63.0
جامعة القادسية,كلية علوم الحاسوب وتكنولوجيا المعلومات,,علمي,63.0
جامعة النبار,كلية علوم الحاسوب وتكنولوجيا المعلومات,,علمي,63.0
جامعة الموصل,كلية علوم الحاسوب والرياضيات,,علمي,63.0
جامعة القاسم الخضراء,كلية علوم البيئة,,علمي,60.0
جامعة الموصل,كلية العلوم البيئية-قسم تقانات البيئة,,علمي,60.0
جامعة الموصل,كلية العلوم البيئية,,علمي,60.0
جامعة النهرين,كلية التقنيات الحيائية,,علمي,85.57
جامعة القاسم الخضراء,كلية التقانات الحيائية,,علمي,63.0
جامعة القادسية,كلية التقانات الحيائية,,علمي,63.0
جامعة بغداد,كلية القانون,,علمي,92.86
الجامعة المستنصرية,كلية القانون,,علمي,91.29
جامعة البصرة,كلية القانون,,علمي,90.86
جامعة النهرين,كلية الحقوق,,علمي,88.86
جامعة الكوفة,كلية القانون,,علمي,86.29
جامعة بغداد,كلية القانون,,أدبي,86.14
الجامعة العراقية,كلية القانون والعلوم السياسية-قسم القانون,,علمي,85.29
جامعة كربالء,كلية القانون,,علمي,84.57
جامعة الكرخ للعلوم,كلية القانون,,علمي,84.57
جامعة ذي قار,كلية القانون,,علمي,84.0
جامعة بابل,كلية القانون,,علمي,83.14
جامعة ميسان,كلية القانون,,علمي,83.14
الجامعة المستنصرية,كلية القانون,,أدبي,80.0
جامعة الموصل,كلية الحقوق,,علمي,80.0
جامعة النهرين,كلية الحقوق,,أدبي,79.57
جامعة البصرة,كلية القانون,,أدبي,79.14
جامعة نينوى,كلية القانون,,علمي,78.71
جامعة القادسية,كلية القانون,,علمي,78.29
جامعة الحمدانية,كلية القانون,,علمي,77.43
جامعة ديالى,كلية القانون والعلوم السياسية-قسم القانون,,علمي,77.0
جامعة النبار,كلية القانون,,علمي,76.86
جامعة سومر,كلية القانون,,علمي,76.71
جامعة واسط,كلية القانون,,علمي,76.71
الجامعة العراقية,كلية القانون والعلوم السياسية-قسم القانون,,أدبي,75.86
جامعة المثنى,كلية القانون,,علمي,74.71
جامعة تكريت,كلية القانون,,علمي,73.14
جامعة الفلوجة,كلية القانون,,علمي,72.71
جامعة الكرخ للعلوم,كلية القانون,,أدبي,72.29
جامعة كركوك,كلية القانون والعلوم السياسية-قسم القانون,,علمي,71.29
جامعة القادسية,كلية القانون,,أدبي,70.57
جامعة المثنى,كلية القانون,,أدبي,70.43
جامعة الحمدانية,كلية القانون,,أدبي,70.29
جامعة ميسان,كلية القانون,,أدبي,70.14
جامعة كربالء,كلية القانون,,أدبي,70.14
جامعة سامراء,كلية القانون,,أدبي,70.14
جامعة نينوى,كلية القانون,,أدبي,70.14
جامعة سومر,كلية القانون,,أدبي,70.14
جامعة النبار,كلية القانون,,أدبي,70.0
جامعة الفلوجة,كلية القانون,,أدبي,70.0
جامعة بابل,كلية القانون,,أدبي,70.0
جامعة سامراء,كلية القانون,,علمي,70.0
جامعة ديالى,كلية القانون والعلوم السياسية-قسم القانون,,أدبي,70.0
جامعة واسط,كلية القانون,,أدبي,70.0
جامعة تكريت,كلية القانون,,أدبي,70.0
جامعة ذي قار,كلية القانون,,أدبي,70.0
جامعة الموصل,كلية الحقوق,,أدبي,70.0
جامعة كركوك,كلية القانون والعلوم السياسية-قسم القانون,,أدبي,70.0
جامعة الكوفة,كلية القانون,,أدبي,70.0
جامعة بغداد,كلية العلوم السياسية,,علمي,83.0
الجامعة المستنصرية,كلية العلوم السياسية,,علمي,79.29
جامعة النهرين,كلية العلوم السياسية,,علمي,78.0
الجامعة العراقية,كلية القانون والعلوم السياسية-قسم العلوم السياسية,,علمي,76.0
جامعة ميسان,كلية العلوم السياسية,,علمي,72.57
جامعة ديالى,كلية القانون والعلوم السياسية-قسم العلوم السياسية,,علمي,72.29
جامعة الموصل,كلية العلوم السياسية,,علمي,70.29
جامعة كركوك,كلية القانون والعلوم السياسية-قسم العلوم السياسية,,علمي,69.86
جامعة الكوفة,كلية العلوم السياسية,,علمي,69.14
جامعة تكريت,كلية العلوم السياسية,,علمي,67.14
جامعة بغداد,كلية العلوم السياسية,,أدبي,66.29
جامعة النبار,كلية العلوم السياسية,,علمي,65.71
جامعة الكوفة,كلية العلوم السياسية,,أدبي,62.43
جامعة الموصل,كلية العلوم السياسية,,أدبي,62.0
جامعة النبار,كلية العلوم السياسية,,أدبي,62.0
الجامعة المستنصرية,كلية العلوم السياسية,,أدبي,62.0
الجامعة العراقية,كلية القانون والعلوم السياسية-قسم العلوم السياسية,,أدبي,62.0
جامعة تكريت,كلية العلوم السياسية,,أدبي,62.0
جامعة النهرين,كلية العلوم السياسية,,أدبي,62.0
جامعة كركوك,كلية القانون والعلوم السياسية-قسم العلوم السياسية,,أدبي,62.0
جامعة ديالى,كلية القانون والعلوم السياسية-قسم العلوم السياسية,,أدبي,62.0
جامعة ميسان,كلية العلوم السياسية,,أدبي,62.0
جامعة بغداد,كلية الطب البيطري,,علمي,83.57
جامعة كربالء,كلية الطب البيطري,,علمي,80.43
جامعة الكوفة,كلية الطب البيطري,,علمي,77.57
جامعة ديالى,كلية الطب البيطري,,علمي,75.71
جامعة الفلوجة,كلية الطب البيطري,,علمي,74.57
جامعة البصرة,كلية الطب البيطري,,علمي,73.71
جامعة الموصل,كلية الطب البيطري,,علمي,72.86
جامعة كركوك,كلية الطب البيطري,,علمي,72.71
جامعة تكريت,كلية الطب البيطري,,علمي,72.14
جامعة القادسية,كلية الطب البيطري,,علمي,70.14
جامعة القاسم الخضراء,كلية الطب البيطري,,علمي,70.0
جامعة المثنى,كلية الطب البيطري,,علمي,70.0
جامعة واسط,كلية الطب البيطري,الحي,علمي,70.0
جامعة الشطرة,كلية الطب البيطري,,علمي,70.0
جامعة البصرة,كلية الزراعة,,علمي,63.29
جامعة بغداد,علوم الهندسة الزراعية,,علمي,60.29
جامعة المثنى,كلية الزراعة,,علمي,55.43
جامعة سومر,كلية الزراعة,,علمي,55.29
جامعة تلعفر,كلية الزراعة,,علمي,55.24
جامعة كركوك,كلية الزراعة,,علمي,55.14
جامعة سامراء,كلية الزراعة,بلد,علمي,55.14
جامعة ديالى,كلية الزراعة,,علمي,55.14
جامعة القادسية,كلية الزراعة,,علمي,55.0
جامعة النبار,كلية الزراعة,,علمي,55.0
جامعة تكريت,كلية الزراعة,,علمي,55.0
جامعة الكوفة,كلية الزراعة,,علمي,55.0
جامعة الموصل,كلية الزراعة والغابات,,علمي,55.0
جامعة القاسم الخضراء,كلية الزراعة,,علمي,55.0
جامعة ميسان,كلية الزراعة,,علمي,55.0
جامعة واسط,كلية الزراعة,,علمي,55.0
جامعة كركوك,النباتات الطبية والصناعية,,علمي,55.0
جامعة كربالء,كلية الزراعة,,علمي,55.0
جامعة ذي قار,كلية الزراعة والهوار,,علمي,55.0
جامعة بغداد,كلية اللغات,,علمي,79.86
جامعة الكوفة,كلية اللغات,,علمي,77.0
جامعة الكوفة,كلية اللغات,,أدبي,60.0
جامعة بغداد,كلية اللغات,,أدبي,60.0
جامعة النهرين,كلية اقتصاديات العمال,,علمي,73.29
جامعة البصرة,كلية الدارة والقتصاد,,علمي,70.0
جامعة البصرة,كلية الدارة والقتصاد,القرنة,علمي,68.29
جامعة بغداد,كلية الدارة والقتصاد,,علمي,68.14
الجامعة المستنصرية,كلية الدارة والقتصاد,,علمي,66.71
جامعة كربالء,كلية الدارة والقتصاد,,علمي,65.57
الجامعة العراقية,كلية الدارة والقتصاد,,علمي,65.57
جامعة الكرخ للعلوم,كلية الدارة والقتصاد,,علمي,65.43
جامعة المثنى,كلية الدارة والقتصاد,,علمي,64.57
جامعة ذي قار,كلية الدارة والقتصاد,,علمي,64.14
جامعة ميسان,كلية الدارة والقتصاد,,علمي,63.71
جامعة بابل,كلية الدارة والقتصاد,,علمي,63.57
جامعة النهرين,كلية اقتصاديات العمال,,أدبي,63.29
جامعة الكوفة,كلية الدارة والقتصاد,,علمي,63.0
جامعة بغداد,كلية الدارة والقتصاد,,أدبي,62.57
جامعة واسط,كلية الدارة والقتصاد,,علمي,62.43
جامعة سومر,كلية الدارة والقتصاد,,أدبي,62.29
جامعة ديالى,كلية الدارة والقتصاد,,علمي,61.43
جامعة سومر,كلية الدارة والقتصاد,,علمي,61.43
جامعة تكريت,كلية الدارة والقتصاد,الشرقاط,علمي,61.14
جامعة البصرة,كلية الدارة والقتصاد,,أدبي,60.71
الجامعة المستنصرية,كلية الدارة والقتصاد,,أدبي,60.43
جامعة الكرخ للعلوم,كلية الدارة والقتصاد,,أدبي,60.29
جامعة كركوك,كلية الدارة والقتصاد,,أدبي,60.14
جامعة الكوفة,كلية الدارة والقتصاد,,أدبي,60.14
جامعة سامراء,كلية الدارة والقتصاد,,علمي,60.14
جامعة كركوك,كلية الدارة والقتصاد,,علمي,60.14
جامعة الحمدانية,كلية الدارة والقتصاد,,أدبي,60.14
جامعة واسط,كلية الدارة والقتصاد,,أدبي,60.0
جامعة كربالء,كلية الدارة والقتصاد,,أدبي,60.0
جامعة بابل,كلية الدارة والقتصاد,,أدبي,60.0
الجامعة العراقية,كلية الدارة والقتصاد,,أدبي,60.0
جامعة النبار,كلية الدارة والقتصاد,,علمي,60.0
جامعة النبار,كلية الدارة والقتصاد,,أدبي,60.0
جامعة القادسية,كلية الدارة والقتصاد,,علمي,60.0
جامعة القادسية,كلية الدارة والقتصاد,,أدبي,60.0
جامعة تكريت,كلية الدارة والقتصاد,الشرقاط,أدبي,60.0
جامعة تكريت,كلية الدارة والقتصاد,,علمي,60.0
جامعة تكريت,كلية الدارة والقتصاد,,أدبي,60.0
جامعة الموصل,كلية الدارة والقتصاد,,علمي,60.0
جامعة الموصل,كلية الدارة والقتصاد,,أدبي,60.0
جامعة ديالى,كلية الدارة والقتصاد,,أدبي,60.0
جامعة البصرة,كلية الدارة والقتصاد,القرنة,أدبي,60.0
جامعة ذي قار,كلية الدارة والقتصاد,,أدبي,60.0
جامعة الحمدانية,كلية الدارة والقتصاد,,علمي,60.0
جامعة الفلوجة,كلية الدارة والقتصاد,,علمي,60.0
جامعة الفلوجة,كلية الدارة والقتصاد,,أدبي,60.0
جامعة سامراء,كلية الدارة والقتصاد,,أدبي,60.0
جامعة المثنى,كلية الدارة والقتصاد,,أدبي,60.0
جامعة ميسان,كلية الدارة والقتصاد,,أدبي,60.0
جامعة بغداد,كلية التربية ابن رشد للعلوم النسانية-قسم اللغة النكليزية,,علمي,90.0
جامعة بابل,كلية التربية للعلوم النسانية-قسم اللغة النكليزية,,علمي,88.86
جامعة المثنى,كلية التربية للعلوم النسانية-قسم اللغة النكليزية,,علمي,88.57
الجامعة المستنصرية,كلية التربية-قسم اللغة النكليزية,,علمي,88.26
جامعة البصرة,كلية التربية للعلوم النسانية-قسم اللغة النكليزية,,علمي,87.43
جامعة واسط,كلية التربية للعلوم النسانية-قسم اللغة النكليزية,,علمي,87.14
جامعة القادسية,كلية التربية-قسم اللغة النكليزية,,علمي,86.86
جامعة كركوك,كلية التربية للعلوم النسانية-قسم اللغة النكليزية,,علمي,86.43
جامعة الكوفة,كلية التربية-قسم اللغة النكليزية,,علمي,86.43
جامعة ذي قار,كلية التربية للعلوم النسانية-قسم اللغة النكليزية,,علمي,86.29
جامعة كربالء,كلية التربية للعلوم النسانية-قسم اللغة النكليزية,,علمي,86.0
جامعة البصرة,كلية التربية,القرنة-قسم اللغة النكليزية,علمي,85.14
جامعة ميسان,كلية التربية-قسم اللغة النكليزية,,علمي,84.57
جامعة ديالى,كلية التربية للعلوم النسانية-قسم اللغة النكليزية,,علمي,84.57
جامعة الموصل,كلية التربية للعلوم النسانية-قسم اللغة النكليزية,,علمي,84.29
جامعة النبار,كلية التربية للعلوم النسانية-قسم اللغة النكليزية,,علمي,83.86
جامعة سومر,كلية التربية-قسم اللغة النكليزية,,علمي,82.71
جامعة الحمدانية,كلية التربية للعلوم النسانية-قسم اللغة النكليزية,,علمي,82.57
جامعة تلعفر,كلية التربية-قسم اللغة النكليزية,,علمي,82.29
جامعة بغداد,كلية التربية ابن رشد للعلوم النسانية-قسم اللغة النكليزية,,أدبي,81.71
كلية التربية,الدواية-قسم اللغة النكليزية,,علمي,80.71
جامعة الفلوجة,كلية التربية-قسم اللغة النكليزية,,علمي,80.0
جامعة تكريت,كلية التربية للعلوم النسانية-قسم اللغة النكليزية,,علمي,79.86
جامعة سامراء,كلية التربية للعلوم النسانية-قسم اللغة النكليزية,,علمي,78.0
الجامعة المستنصرية,كلية التربية-قسم اللغة النكليزية,,أدبي,76.29
جامعة البصرة,كلية التربية للعلوم الصرفة,,علمي,74.71
جامعة كربالء,كلية التربية للعلوم الصرفة,,علمي,74.57
جامعة كربالء,كلية التربية للعلوم النسانية,,علمي,74.14
جامعة البصرة,كلية التربية للعلوم النسانية,,علمي,74.14
جامعة بابل,كلية التربية للعلوم الصرفة,,علمي,73.29
جامعة ميسان,كلية التربية,,علمي,73.14
جامعة ذي قار,كلية التربية للعلوم الصرفة,,علمي,73.0
جامعة الحمدانية,كلية التربية للعلوم النسانية-قسم اللغة النكليزية,,أدبي,72.29
جامعة البصرة,كلية التربية,القرنة,علمي,71.43
جامعة المثنى,كلية التربية للعلوم الصرفة,,علمي,71.29
جامعة بابل,كلية التربية للعلوم النسانية,,علمي,71.0
جامعة المثنى,كلية التربية للعلوم النسانية,,علمي,71.0
جامعة واسط,كلية التربية للعلوم النسانية-قسم اللغة النكليزية,,أدبي,71.0
جامعة سومر,كلية التربية-قسم اللغة النكليزية,,أدبي,70.71
جامعة المثنى,كلية التربية للعلوم النسانية-قسم اللغة النكليزية,,أدبي,70.57
جامعة تكريت,كلية التربية للعلوم النسانية-قسم اللغة النكليزية,,أدبي,70.43
جامعة النبار,كلية التربية للعلوم النسانية-قسم اللغة النكليزية,,أدبي,70.29
جامعة ديالى,كلية التربية للعلوم النسانية-قسم اللغة النكليزية,,أدبي,70.14
جامعة الفلوجة,كلية التربية-قسم اللغة النكليزية,,أدبي,70.14
جامعة الكوفة,كلية التربية-قسم اللغة النكليزية,,أدبي,70.14
جامعة كركوك,كلية التربية للعلوم الصرفة,,علمي,70.14
جامعة ذي قار,كلية التربية للعلوم النسانية-قسم اللغة النكليزية,,أدبي,70.14
جامعة كربالء,كلية التربية للعلوم النسانية-قسم اللغة النكليزية,,أدبي,70.14
جامعة البصرة,كلية التربية,القرنة-قسم اللغة النكليزية,أدبي,70.14
جامعة البصرة,كلية التربية للعلوم النسانية-قسم اللغة النكليزية,,أدبي,70.0
جامعة الموصل,كلية التربية للعلوم النسانية-قسم اللغة النكليزية,,أدبي,70.0
جامعة سامراء,كلية التربية للعلوم النسانية-قسم اللغة النكليزية,,أدبي,70.0
جامعة ميسان,كلية التربية-قسم اللغة النكليزية,,أدبي,70.0
جامعة كركوك,كلية التربية للعلوم النسانية-قسم اللغة النكليزية,,أدبي,70.0
جامعة بابل,كلية التربية للعلوم النسانية-قسم اللغة النكليزية,,أدبي,70.0
جامعة القادسية,كلية التربية-قسم اللغة النكليزية,,أدبي,70.0
جامعة بغداد,كلية التربية ابن رشد للعلوم النسانية,,علمي,69.71
جامعة ذي قار,كلية التربية للعلوم النسانية,,علمي,69.57
جامعة الكوفة,كلية التربية,,علمي,69.57
جامعة بغداد,كلية التربية للعلوم الصرفة,ابن الهيثم,علمي,69.29
الجامعة المستنصرية,كلية التربية,,علمي,68.57
جامعة واسط,كلية التربية للعلوم الصرفة,,علمي,68.57
جامعة سومر,كلية التربية,,علمي,68.43
جامعة واسط,كلية التربية للعلوم النسانية,,علمي,68.0
جامعة القادسية,كلية التربية,,علمي,67.86
جامعة واسط,كلية التربية للعلوم النسانية-قسم العلوم التربوية والنفسية,,علمي,67.86
جامعة تكريت,كلية التربية للعلوم الصرفة,,علمي,67.14
جامعة الموصل,كلية التربية للعلوم الصرفة,,علمي,67.0
جامعة ديالى,كلية التربية للعلوم الصرفة,,علمي,66.86
جامعة القاسم الخضراء,كلية التربية,,علمي,66.71
كلية التربية,الدواية-قسم الفيزياء,,علمي,66.71
جامعة ديالى,كلية التربية للعلوم النسانية,,علمي,65.86
جامعة النبار,كلية التربية,القائم,علمي,65.71
جامعة النبار,كلية التربية للعلوم الصرفة,,علمي,65.71
جامعة البصرة,كلية التربية للعلوم النسانية,,فنون,65.43
جامعة كركوك,كلية التربية للعلوم النسانية,,علمي,65.43
جامعة الموصل,كلية التربية للعلوم النسانية,,علمي,65.29
جامعة المثنى,كلية التربية للعلوم النسانية,,أدبي,65.14
جامعة سامراء,كلية التربية للعلوم الصرفة,,علمي,65.0
الجامعة العراقية,كلية التربية,الطارمية,علمي,63.71
جامعة الحمدانية,كلية التربية للعلوم الصرفة,,علمي,63.43
جامعة الفلوجة,كلية التربية,,علمي,63.29
جامعة الحمدانية,كلية التربية للعلوم النسانية,,علمي,62.57
جامعة سامراء,كلية التربية للعلوم النسانية,,علمي,62.57
جامعة الحمدانية,كلية التربية للعلوم النسانية,,أدبي,62.29
جامعة تكريت,كلية التربية للعلوم النسانية,,علمي,62.14
جامعة ديالى,كلية التربية المقداد,المقدادية,علمي,62.0
جامعة النبار,كلية التربية للعلوم النسانية,,علمي,62.0
جامعة تلعفر,كلية التربية-قسم علوم الحاسوب,,علمي,62.0
جامعة تكريت,كلية التربية,طوزخورماتو,علمي,62.0
جامعة البصرة,كلية التربية,القرنة,أدبي,61.71
الجامعة المستنصرية,كلية التربية,,أدبي,60.71
الجامعة المستنصرية,كلية التربية,,فنون,60.43
جامعة ديالى,كلية التربية المقداد,المقدادية,أدبي,60.29
جامعة واسط,كلية التربية للعلوم النسانية,,أدبي,60.14
جامعة النبار,كلية التربية,القائم,أدبي,60.14
جامعة ديالى,كلية التربية للعلوم النسانية,,أدبي,60.0
جامعة سامراء,كلية التربية للعلوم النسانية,,أدبي,60.0
جامعة القاسم الخضراء,كلية التربية,,أدبي,60.0
جامعة بابل,كلية التربية للعلوم النسانية,,أدبي,60.0
جامعة الفلوجة,كلية التربية,,أدبي,60.0
جامعة النبار,كلية التربية للعلوم النسانية,,أدبي,60.0
الجامعة العراقية,كلية التربية,الطارمية,أدبي,60.0
جامعة الكوفة,كلية التربية,,أدبي,60.0
جامعة بغداد,كلية التربية ابن رشد للعلوم النسانية,,أدبي,60.0
جامعة ميسان,كلية التربية,,أدبي,60.0
جامعة واسط,كلية التربية للعلوم النسانية-قسم العلوم التربوية والنفسية,,أدبي,60.0
جامعة كركوك,كلية التربية للعلوم النسانية,,أدبي,60.0
جامعة ذي قار,كلية التربية للعلوم النسانية,,أدبي,60.0
جامعة كربالء,كلية التربية للعلوم النسانية,,أدبي,60.0
جامعة البصرة,كلية التربية للعلوم النسانية,,أدبي,60.0
جامعة القادسية,كلية التربية,,أدبي,60.0
جامعة تكريت,كلية التربية للعلوم النسانية,,أدبي,60.0
جامعة الموصل,كلية التربية للعلوم النسانية,,أدبي,60.0
جامعة تكريت,كلية التربية,طوزخورماتو,أدبي,60.0
الجامعة المستنصرية,كلية اآلداب-قسم علم النفس,,علمي,83.57
الجامعة العراقية,كلية اآلداب-قسم الترجمة,,علمي,82.0
جامعة بغداد,كلية اآلداب-قسم علم النفس,,علمي,81.71
جامعة البصرة,كلية اآلداب,,علمي,77.0
الجامعة المستنصرية,كلية اآلداب-قسم الفلسفة,,علمي,75.71
جامعة واسط,كلية اآلداب-قسم الترجمة,,علمي,73.43
جامعة تكريت,كلية اآلداب-قسم علم النفس,,علمي,72.29
جامعة بغداد,كلية اآلداب,,علمي,70.0
الجامعة المستنصرية,كلية اآلداب,,علمي,69.71
جامعة بابل,كلية اآلداب,,فنون,69.43
الجامعة العراقية,كلية اآلداب,,علمي,68.29
جامعة الكوفة,كلية اآلداب,,فنون,68.14
جامعة واسط,كلية اآلداب-قسم العالم,,فنون,67.86
جامعة الموصل,كلية اآلداب,,علمي,66.57
جامعة الكوفة,كلية اآلداب,,علمي,65.14
جامعة بابل,كلية اآلداب,,علمي,64.43
جامعة ذي قار,كلية اآلداب,,علمي,63.86
جامعة واسط,كلية اآلداب-قسم العالم,,علمي,63.71
الجامعة العراقية,كلية اآلداب-قسم الترجمة,,أدبي,63.71
جامعة بغداد,كلية اآلداب-قسم علم النفس,,فنون,63.57
جامعة القادسية,كلية اآلداب-قسم علم النفس,,علمي,63.43
جامعة واسط,كلية اآلداب,,علمي,63.29
الجامعة المستنصرية,كلية اآلداب,,فنون,63.14
جامعة القادسية,كلية اآلداب-قسم علم النفس,,فنون,62.86
جامعة الموصل,كلية اآلداب-قسم المعلومات وتقنيات المعرفة,,علمي,62.57
جامعة القادسية,كلية اآلداب,,علمي,62.43
جامعة كركوك,كلية اآلداب,,علمي,61.86
جامعة تكريت,كلية اآلداب-قسم علم النفس,,أدبي,61.71
جامعة ذي قار,كلية اآلداب,,أدبي,61.29
جامعة بغداد,كلية اآلداب,,فنون,61.14
جامعة القادسية,كلية اآلداب-قسم علم النفس,,أدبي,61.14
جامعة النبار,كلية اآلداب,,علمي,61.0
جامعة الموصل,كلية اآلداب,,فنون,60.71
جامعة تكريت,كلية اآلداب,,علمي,60.71
جامعة الكوفة,كلية اآلداب,,أدبي,60.43
جامعة البصرة,كلية اآلداب,,فنون,60.43
الجامعة المستنصرية,كلية اآلداب-قسم الفلسفة,,أدبي,60.43
جامعة واسط,كلية اآلداب-قسم العالم,,أدبي,60.43
جامعة بابل,كلية اآلداب,,أدبي,60.43
جامعة كركوك,كلية اآلداب,,أدبي,60.29
جامعة واسط,كلية اآلداب,,أدبي,60.29
الجامعة العراقية,كلية اآلداب,,أدبي,60.29
جامعة الموصل,كلية اآلداب,,أدبي,60.14
جامعة سامراء,كلية اآلداب,,أدبي,60.14
الجامعة المستنصرية,كلية اآلداب-قسم علم النفس,,أدبي,60.14
جامعة بغداد,كلية اآلداب-قسم علم النفس,,أدبي,60.0
جامعة النبار,كلية اآلداب,,أدبي,60.0
جامعة بغداد,كلية اآلداب,,أدبي,60.0
جامعة سامراء,كلية اآلداب,,علمي,60.0
جامعة البصرة,كلية اآلداب,,أدبي,60.0
جامعة الموصل,كلية اآلداب-قسم المعلومات وتقنيات المعرفة,,أدبي,60.0
جامعة واسط,كلية اآلداب-قسم الترجمة,,أدبي,60.0
الجامعة المستنصرية,كلية اآلداب,,أدبي,60.0
جامعة تكريت,كلية اآلداب,,أدبي,60.0
جامعة القادسية,كلية اآلداب,,أدبي,60.0
جامعة بابل,كلية التربية األساسية-قسم اللغة النكليزية,,علمي,84.57
الجامعة المستنصرية,كلية التربية األساسية-قسم اللغة النكليزية,,علمي,83.43
جامعة الموصل,كلية التربية األساسية-قسم اللغة النكليزية,,علمي,81.43
جامعة تلعفر,كلية التربية األساسية-قسم اللغة النكليزية,,علمي,79.71
جامعة ميسان,كلية التربية األساسية-قسم اللغة النكليزية,,علمي,78.14
جامعة تكريت,كلية التربية األساسية,الشرقاط-قسم اللغة النكليزية,علمي,76.57
جامعة كركوك,كلية التربية األساسية-قسم اللغة النكليزية,,علمي,75.71
جامعة ديالى,كلية التربية األساسية-قسم اللغة النكليزية,,علمي,73.0
جامعة كركوك,كلية التربية األساسية-قسم اللغة النكليزية,,أدبي,72.71
جامعة المثنى,كلية التربية األساسية-قسم معلم الصفوف الولى,,علمي,71.57
جامعة تكريت,كلية التربية األساسية,الشرقاط-قسم اللغة النكليزية,أدبي,70.71
جامعة ذي قار,كلية التربية األساسية,سوق الشيوخ-قسم معلم الصفوف األولى,علمي,70.57
جامعة ميسان,كلية التربية األساسية-قسم معلم الصفوف الولى,,علمي,70.57
جامعة ذي قار,كلية التربية األساسية,سوق الشيوخ-قسم التربية الخاصة,علمي,70.29
جامعة ميسان,كلية التربية األساسية-قسم اللغة النكليزية,,أدبي,70.14
الجامعة المستنصرية,كلية التربية األساسية-قسم اللغة النكليزية,,أدبي,70.14
جامعة الموصل,كلية التربية األساسية-قسم اللغة النكليزية,,أدبي,70.0
جامعة ديالى,كلية التربية األساسية-قسم اللغة النكليزية,,أدبي,70.0
جامعة بابل,كلية التربية األساسية-قسم اللغة النكليزية,,أدبي,70.0
جامعة سومر,كلية التربية األساسية-قسم معلم الصفوف الولى,,علمي,69.14
جامعة المثنى,كلية التربية األساسية,,علمي,69.0
الجامعة المستنصرية,كلية التربية األساسية-قسم معلم الصفوف الولى,,علمي,69.0
جامعة بابل,كلية التربية األساسية-قسم معلم الصفوف األولى,,علمي,68.14
جامعة سومر,كلية التربية األساسية,,علمي,66.86
جامعة واسط,كلية التربية األساسية,العزيزية-قسم معلم الصفوف الولى,علمي,66.14
جامعة الموصل,كلية التربية األساسية-قسم التربية الخاصة,,أدبي,65.14
جامعة الكوفة,كلية التربية الساسية,,علمي,65.14
جامعة بابل,كلية التربية األساسية,,علمي,64.86
جامعة تكريت,كلية التربية األساسية,الشرقاط,علمي,64.43
جامعة ميسان,كلية التربية األساسية,,علمي,64.43
جامعة واسط,كلية التربية األساسية,العزيزية,علمي,64.14
الجامعة المستنصرية,كلية التربية األساسية,,علمي,64.14
جامعة الموصل,كلية التربية األساسية-قسم معلم الصفوف الولى,,علمي,63.57
جامعة كركوك,كلية التربية األساسية,,علمي,63.29
جامعة المثنى,كلية التربية األساسية,,أدبي,63.29
جامعة كركوك,كلية التربية األساسية-قسم معلم الصفوف الولى,,علمي,63.29
جامعة كركوك,كلية التربية األساسية-قسم معلم الصفوف الولى,,أدبي,63.0
جامعة المثنى,كلية التربية األساسية-قسم معلم الصفوف الولى,,أدبي,62.71
جامعة الموصل,كلية التربية األساسية,,علمي,62.57
جامعة النبار,كلية التربية األساسية,حديثة-قسم معلم الصفوف الولى,علمي,62.43
جامعة الموصل,كلية التربية األساسية-قسم التربية الخاصة,,علمي,62.29
جامعة تلعفر,كلية التربية األساسية,,علمي,62.0
جامعة النبار,كلية التربية األساسية,حديثة,علمي,62.0
جامعة ديالى,كلية التربية األساسية,,علمي,62.0
جامعة ذي قار,كلية التربية األساسية,سوق الشيوخ-قسم التربية الخاصة,أدبي,61.29
جامعة واسط,كلية التربية األساسية,العزيزية-قسم معلم الصفوف الولى,أدبي,61.14
جامعة النبار,كلية التربية األساسية,حديثة-قسم معلم الصفوف الولى,أدبي,60.71
جامعة الكوفة,كلية التربية الساسية,,أدبي,60.43
جامعة النبار,كلية التربية األساسية,حديثة,أدبي,60.43
جامعة تلعفر,كلية التربية األساسية,,أدبي,60.43
جامعة سومر,كلية التربية األساسية,,أدبي,60.29
جامعة كركوك,كلية التربية األساسية,,أدبي,60.29
جامعة ميسان,كلية التربية األساسية,,أدبي,60.14
جامعة سومر,كلية التربية األساسية-قسم معلم الصفوف الولى,,أدبي,60.14
جامعة ميسان,كلية التربية األساسية-قسم معلم الصفوف الولى,,أدبي,60.0
الجامعة المستنصرية,كلية التربية األساسية-قسم معلم الصفوف الولى,,أدبي,60.0
جامعة الموصل,كلية التربية األساسية,,أدبي,60.0
جامعة واسط,كلية التربية األساسية,العزيزية,أدبي,60.0
جامعة ذي قار,كلية التربية األساسية,سوق الشيوخ-قسم معلم الصفوف األولى,أدبي,60.0
الجامعة المستنصرية,كلية التربية األساسية,,أدبي,60.0
جامعة ديالى,كلية التربية األساسية,,أدبي,60.0
جامعة تكريت,كلية التربية األساسية,الشرقاط,أدبي,60.0
جامعة بابل,كلية التربية األساسية-قسم معلم الصفوف األولى,,أدبي,60.0
جامعة بابل,كلية التربية األساسية,,أدبي,60.0
جامعة الموصل,كلية التربية األساسية-قسم معلم الصفوف الولى,,أدبي,60.0
جامعة كربالء,كلية العلوم السياحية,,علمي,60.43
الجامعة المستنصرية,كلية العلوم السياحية,,علمي,59.57
الجامعة المستنصرية,كلية العلوم السياحية,,أدبي,55.86
جامعة كربالء,كلية العلوم السياحية,,أدبي,55.0
جامعة ذي قار,كلية الثار,سوق الشيوخ,علمي,59.0
جامعة الكوفة,كلية الثار,,علمي,57.71
جامعة الموصل,كلية الثار,,أدبي,57.14
جامعة القادسية,كلية الثار,,فنون,57.14
جامعة ذي قار,كلية الثار,سوق الشيوخ,أدبي,55.86
جامعة ذي قار,كلية الثار,سوق الشيوخ,فنون,55.86
جامعة الكوفة,كلية الثار,,فنون,55.43
جامعة الموصل,كلية الثار,,علمي,55.29
جامعة الموصل,كلية الثار,,فنون,55.14
جامعة القادسية,كلية الثار,,أدبي,55.0
جامعة القادسية,كلية الثار,,علمي,55.0
جامعة الكوفة,كلية الثار,,أدبي,55.0
جامعة كربالء,كلية العلوم السالمية,,علمي,65.86
جامعة بابل,كلية العلوم السالمية,,علمي,63.0
جامعة ذي قار,كلية العلوم السالمية,,علمي,62.43
جامعة بغداد,كلية العلوم السالمية,,علمي,61.43
جامعة الكوفة,كلية الفقه,,علمي,61.0
الجامعة العراقية,كلية العلوم السالمية,,علمي,60.43
جامعة تكريت,كلية العلوم السالمية,,أدبي,57.86
جامعة بابل,كلية العلوم السالمية,,أدبي,57.86
جامعة بغداد,كلية العلوم السالمية,,أدبي,57.57
جامعة ديالى,كلية العلوم السالمية,,علمي,57.29
جامعة كربالء,كلية العلوم السالمية,,أدبي,56.86
الجامعة العراقية,كلية العلوم السالمية,,أدبي,56.43
جامعة تكريت,كلية العلوم السالمية,,علمي,56.29
جامعة ذي قار,كلية العلوم السالمية,,أدبي,55.86
جامعة الموصل,كلية العلوم السالمية,,علمي,55.86
جامعة الموصل,كلية العلوم السالمية,,أدبي,55.71
جامعة النبار,كلية العلوم السالمية,,علمي,55.29
جامعة النبار,كلية العلوم السالمية,,أدبي,55.14
جامعة سامراء,كلية العلوم السالمية,,أدبي,55.0
جامعة ديالى,كلية العلوم السالمية,,أدبي,55.0
جامعة سامراء,كلية العلوم السالمية,,علمي,55.0
جامعة الكوفة,كلية الفقه,,أدبي,55.0
جامعة الفلوجة,كلية العلوم السالمية,,علمي,55.0
جامعة الفلوجة,كلية العلوم السالمية,,أدبي,55.0
جامعة تكريت,كلية علوم الغذية,الشرقاط,علمي,60.0
جامعة القاسم الخضراء,كلية علوم الغذية,,علمي,60.0
جامعة بغداد,كلية العالم,,علمي,74.43
الجامعة العراقية,كلية العالم,,علمي,71.0
جامعة بغداد,كلية العالم,,فنون,62.43
جامعة بغداد,كلية العالم,,أدبي,61.14
جامعة ذي قار,كلية العالم,,علمي,61.0
جامعة كركوك,كلية العالم,,علمي,60.71
جامعة كركوك,كلية العالم,,أدبي,60.43
الجامعة العراقية,كلية العالم,,أدبي,60.14
جامعة ذي قار,كلية العالم,,فنون,60.0
جامعة الموصل,كلية الفنون الجميلة,,فنون,72.86
جامعة البصرة,كلية الفنون الجميلة,,علمي,66.71
جامعة بغداد,كلية الفنون الجميلة,,علمي,65.29
جامعة ديالى,كلية الفنون الجميلة,,أدبي,64.43
جامعة الشطرة,كلية الفنون الجميلة,,أدبي,62.43
جامعة واسط,كلية الفنون الجميلة,,علمي,62.0
جامعة الموصل,كلية الفنون الجميلة,,أدبي,62.0
جامعة بغداد,كلية الفنون الجميلة,,فنون,61.71
جامعة القادسية,كلية الفنون الجميلة,,أدبي,61.57
جامعة واسط,كلية الفنون الجميلة,,فنون,61.43
جامعة البصرة,كلية الفنون الجميلة,,فنون,61.43
جامعة بابل,كلية الفنون الجميلة,,علمي,61.29
جامعة الشطرة,كلية الفنون الجميلة,,علمي,61.14
جامعة بابل,كلية الفنون الجميلة,,أدبي,61.0
جامعة البصرة,كلية الفنون الجميلة,,أدبي,60.57
جامعة واسط,كلية الفنون الجميلة,,أدبي,60.29
جامعة بابل,كلية الفنون الجميلة,,فنون,60.14
جامعة بغداد,كلية الفنون الجميلة,,أدبي,60.14
جامعة القادسية,كلية الفنون الجميلة,,علمي,60.0
جامعة ديالى,كلية الفنون الجميلة,,علمي,60.0
جامعة الموصل,كلية الفنون الجميلة,,علمي,60.0
جامعة البصرة,كلية علوم البحار,,علمي,69.0
جامعة الكوفة,كلية التخطيط العمراني,,علمي,63.57
جامعة البصرة للنفط والغاز,كلية الدارة الصناعية للنفط والغاز-قسم اقتصاديات النفط والغاز,,علمي,86.43
جامعة البصرة للنفط والغاز,كلية الدارة الصناعية للنفط والغاز-قسم ادارة المشاريع النفطية,,علمي,85.29
جامعة البصرة للنفط والغاز,كلية الدارة الصناعية للنفط والغاز-قسم ادارة وتسويق النفط والغاز,,علمي,83.43
جامعة البصرة للنفط والغاز,كلية الدارة الصناعية للنفط والغاز-قسم المحاسبة النفطية,,علمي,82.0
جامعة الكرخ للعلوم,كلية التحسس النائي والجيوفيزياء,,علمي,65.0
الجامعة التقنية الوسطى,كلية التقنيات الصحية والطبية,بغداد,علمي,97.57
الجامعة التقنية الجنوبية,الكلية التقنية الصحية والطبية,البصرة-قسم تقنيات المختبرات الطبية,علمي,97.43
الجامعة التقنية الوسطى,كلية التقنيات الصحية والطبية,بغداد-قسم التقنيات البصرية,علمي,97.0
جامعة الفرات الوسط التقنية,الكلية التقنية الصحية والطبية,الكوفة,علمي,96.57
جامعة الفرات الوسط التقنية,الكلية التقنية الصحية والطبية,بابل,علمي,96.14
الجامعة التقنية الوسطى,كلية التقنيات الصحية والطبية,بغداد-قسم تقنيات صحة المجتمع,علمي,95.29
الجامعة التقنية الوسطى,كلية التقنيات الصحية والطبية,بغداد-قسم تقنيات العالج الطبيعي,علمي,95.29
الجامعة التقنية الشمالية,كلية التقنيات الصحية والطبية,كركوك-قسم تقنيات المختبرات الطبية,علمي,94.71
الجامعة التقنية الجنوبية,الكلية التقنية الصحية والطبية,البصرة-قسم تقنيات العالج الطبيعي,علمي,94.29
جامعة الفرات الوسط التقنية,الكلية التقنية الصحية والطبية,الكوفة-قسم تقنيات صحة المجتمع,علمي,93.43
الجامعة التقنية الجنوبية,الكلية التقنية الصحية والطبية,البصرة-قسم تقنيات صحة المجتمع,علمي,93.43
الجامعة التقنية الوسطى,الكلية التقنية بعقوبة,التخصصات الطبية-قسم تقنيات المختبرات الطبية,علمي,93.43
الجامعة التقنية الجنوبية,الكلية التقنية الصحية والطبية,البصرة-قسم تقنيات الكلية الصناعية,علمي,93.43
الجامعة التقنية الشمالية,كلية التقنيات الصحية والطبية,كركوك-قسم تقنيات الكلية الصناعية,علمي,92.43
الجامعة التقنية الوسطى,الكلية التقنية الكوت,التخصصات الصحية والطبية-قسم تقنيات صحة المجتمع,علمي,92.43
الجامعة التقنية الشمالية,كلية التقنيات الصحية والطبية,الدور-قسم تقنيات البصريات,علمي,91.57
جامعة الفرات الوسط التقنية,الكلية التقنية القسام الطبية,المسيب,علمي,91.29
الجامعة التقنية الشمالية,كلية التقنيات الصحية والطبية,كركوك-قسم تقنيات التغذية العالجية,علمي,91.29
الجامعة التقنية الجنوبية,الكلية التقنية الشطرة,القسام الطبية-قسم تقنيات المختبرات الطبية,علمي,90.86
جامعة الفرات الوسط التقنية,كلية تقنيات التاهيل الطبي والطراف الصناعية,الكوفة,علمي,89.29
الجامعة التقنية الشمالية,كلية التقنيات الصحية والطبية,كركوك-قسم تقنيات السالمة المهنية والطب المهني,علمي,86.57
الجامعة التقنية الشمالية,كلية التقنيات الصحية والطبية,الدور-قسم تقنيات العالج الطبيعي,علمي,86.0
الجامعة التقنية الجنوبية,الكلية التقنية الهندسية,البصرة-قسم هندسة تقنيات الوقود والطاقة,علمي,92.43
الجامعة التقنية الجنوبية,الكلية التقنية الهندسية,البصرة-قسم التقنيات الكيميائية والبتروكيميائية,علمي,91.57
الجامعة التقنية الوسطى,الكلية التقنية الهندسية الكهربائية,بغداد-قسم هندسة تقنيات الجهزة الطبية,علمي,91.57
الجامعة التقنية الجنوبية,الكلية التقنية الهندسية,البصرة-قسم تقنيات الهندسة الكهربائية,علمي,91.0
الجامعة التقنية الجنوبية,الكلية التقنية الهندسية,البصرة-قسم هندسة تقنيات ميكانيك الحراريات,علمي,90.29
جامعة الفرات الوسط التقنية,الكلية التقنية الهندسية للنفط والطاقة,السماوة-قسم هندسة تقنيات النفط والغاز,علمي,90.14
الجامعة التقنية الجنوبية,الكلية التقنية الهندسية,البصرة-قسم هندسة تقنيات السيطرة والتمتة,علمي,90.0
الجامعة التقنية الجنوبية,الكلية التقنية الهندسية,البصرة-قسم هندسة تقنيات البيئة والتلوث,علمي,89.0
الجامعة التقنية الوسطى,الكلية التقنية الهندسية للذكاء الصطناعي,بغداد-قسم هندسة تقنيات المن السيبراني,علمي,87.29
الجامعة التقنية الشمالية,الكلية التقنية الهندسية للحاسوب والذكاء الصطناعي,كركوك-قسم هندسة تقنيات الذكاء الصطناعي,علمي,86.29
الجامعة التقنية الشمالية,الكلية التقنية الهندسية للحاسوب والذكاء الصطناعي,كركوك-قسم هندسة تقنيات المن السيبراني,علمي,85.86
الجامعة التقنية الشمالية,الكلية التقنية الهندسية للحاسوب والذكاء الصطناعي,الموصل-قسم هندسة تقنيات المن السيبراني,علمي,85.29
الجامعة التقنية الجنوبية,الكلية التقنية القسام الهندسية,ذي قار-قسم هندسة تقنيات المن السيبراني,علمي,85.14
جامعة الفرات الوسط التقنية,الكلية التقنية الهندسية للنفط والطاقة,السماوة-قسم هندسة الحفر وانتاج النفط والغاز,علمي,85.0
الجامعة التقنية الوسطى,الكلية التقنية الهندسية للذكاء الصطناعي,بغداد-قسم هندسة تقنيات الذكاء الصطناعي,علمي,84.71
الجامعة التقنية الشمالية,الكلية التقنية الهندسية,الموصل-قسم هندسة تقنيات الجهزة الطبية,علمي,84.57
الجامعة التقنية الشمالية,الكلية التقنية الهندسية للحاسوب والذكاء الصطناعي,الموصل-قسم هندسة تقنيات الذكاء الصطناعي,علمي,84.0
الجامعة التقنية الوسطى,الكلية التقنية الهندسية الكهربائية,بغداد-قسم هندسة تقنيات الحاسوب,علمي,83.86
كلية البوليتكنك القرنة,التخصصات الهندسية-قسم تقنيات هندسة الحاسوب والذكاء الصطناعي,,علمي,83.43
جامعة الفرات الوسط التقنية,الكلية التقنية الهندسية للنفط والطاقة,السماوة-قسم هندسة تقنيات الوقود والطاقة,علمي,83.29
الجامعة التقنية الوسطى,الكلية التقنية الهندسية,بغداد-قسم هندسة تقنيات الوقود والطاقة,علمي,82.29
الجامعة التقنية الوسطى,الكلية التقنية الهندسية الكهربائية,بغداد-قسم تقنيات الهندسة الكهربائية,علمي,82.29
جامعة الفرات الوسط التقنية,الكلية التقنية الهندسية,النجف-قسم هندسة تقنيات الطيران,علمي,81.71
الجامعة التقنية الشمالية,الكلية التقنية الهندسية,كركوك-قسم هندسة تقنيات الجهزة الطبية,علمي,81.57
الجامعة التقنية الوسطى,الكلية التقنية الهندسية,بغداد-قسم هندسة تقنيات البناء والنشاءات,علمي,81.43
كلية البوليتكنك القرنة,التخصصات الهندسية-قسم تقنيات الهندسة الكهربائية,,علمي,80.86
الجامعة التقنية الوسطى,الكلية التقنية الهندسية,بغداد-قسم هندسة تقنيات الميكاترونكس,علمي,80.46
جامعة الفرات الوسط التقنية,الكلية التقنية الهندسية,النجف-قسم هندسة تقنيات الفيزياء الصحية والعالج الشعاعي,علمي,80.29
الجامعة التقنية الوسطى,الكلية التقنية الهندسية الكهربائية,بغداد-قسم هندسة تقنيات السيطرة والتمتة,علمي,80.29
الجامعة التقنية الجنوبية,الكلية التقنية القسام الهندسية,ميسان-قسم هندسة تقنيات البناء والنشاءات,علمي,79.71
جامعة الفرات الوسط التقنية,الكلية التقنية الهندسية,النجف-قسم هندسة تقنيات الليزر واللكترونيات البصرية,علمي,79.57
الجامعة التقنية الجنوبية,الكلية التقنية القسام الهندسية,ميسان-قسم هندسة النظم الكهروميكانيكية,علمي,78.71
الجامعة التقنية الوسطى,الكلية التقنية الهندسية الكهربائية,بغداد-هندسة تقنيات الفضاء والطائرات المسيرة,علمي,78.57
الجامعة التقنية الشمالية,الكلية التقنية الهندسية للحاسوب والذكاء الصطناعي,كركوك-قسم هندسة تقنيات المعلومات وشبكات الحاسوب,علمي,78.43
الجامعة التقنية الشمالية,الكلية التقنية الهندسية للحاسوب والذكاء الصطناعي,الموصل-قسم هندسة تقنيات الحاسوب,علمي,78.43
جامعة الفرات الوسط التقنية,الكلية التقنية الهندسية,النجف-قسم هندسة تقنيات الكترونيات الطيران,علمي,78.29
الجامعة التقنية الوسطى,الكلية التقنية الهندسية,بغداد-قسم هندسة تقنيات المساحة,علمي,78.0
جامعة الفرات الوسط التقنية,الكلية التقنية الهندسية,النجف-قسم هندسة تقنيات التصالت,علمي,76.86
الجامعة التقنية الشمالية,الكلية التقنية الهندسية للحاسوب والذكاء الصطناعي,الموصل-قسم هندسة تقنيات الحوسبة السحابية وانترنيت الشياء,علمي,76.29
الجامعة التقنية الوسطى,الكلية التقنية الهندسية,بغداد-قسم هندسة تقنية المواد,علمي,75.29
جامعة الفرات الوسط التقنية,الكلية التقنية الهندسية,النجف-قسم هندسة تقنيات البناء والنشاءات,علمي,74.71
الجامعة التقنية الشمالية,الكلية التقنية الهندسية,الموصل-قسم هندسة تقنيات البناء والنشاءات,علمي,74.28
الجامعة التقنية الوسطى,الكلية التقنية الهندسية,بغداد-قسم هندسة تقنيات ميكانيك القوى,علمي,74.0
الجامعة التقنية الشمالية,الكلية التقنية الهندسية,الموصل-قسم هندسة تقنيات الطائرات المسيرة,علمي,73.71
الجامعة التقنية الشمالية,الكلية التقنية الهندسية,كركوك-قسم هندسة تقنيات العمارة والبناء,علمي,73.0
الجامعة التقنية الوسطى,كلية البوليتكنك بغداد,التخصصات الهندسية-قسم تقنيات هندسة اللكترونيك والذكاء الصطناعي,علمي,72.29
الجامعة التقنية الوسطى,الكلية التقنية الهندسية,بغداد-قسم هندسة تقنيات الميكانيك التطبيقي,علمي,72.29
جامعة الفرات الوسط التقنية,الكلية التقنية الهندسية,النجف-قسم هندسة تقنيات ميكانيك القوى,علمي,72.29
جامعة الفرات الوسط التقنية,كلية البوليتكنك كربالء,التخصصات الهندسية-قسم تقنيات هندسة تكنولوجيا المعلومات,علمي,71.43
كلية هندسة تقنيات النفط والغاز,كركوك-قسم هندسة تقنيات الوقود والطاقة,,علمي,70.86
جامعة الفرات الوسط التقنية,الكلية التقنية القسام الهندسية,المسيب-قسم هندسة تقنيات ميكانيك الطائرات والطائرات المسيرة,علمي,70.86
الجامعة التقنية الشمالية,الكلية التقنية الهندسية,الموصل-قسم تقنيات الهندسة الكهربائية,علمي,70.71
الجامعة التقنية الشمالية,الكلية التقنية الهندسية,الموصل-قسم هندسة تقنيات الصناعات الكيمياوية والنفطية,علمي,70.43
جامعة الفرات الوسط التقنية,كلية البوليتكنك كربالء,التخصصات الهندسية-قسم تقنيات هندسة البناء والنشاءات,علمي,67.86
الجامعة التقنية الجنوبية,الكلية التقنية القسام الهندسية,ذي قار-قسم هندسة تقنيات النظم الكهروميكانيكية,علمي,67.86
جامعة الفرات الوسط التقنية,كلية البوليتكنك كربالء,التخصصات الهندسية-قسم تقنيات الهندسة الكهربائية,علمي,66.57
كلية هندسة تقنيات النفط والغاز,كركوك-قسم هندسة تقنيات الطاقة المتجددة,,علمي,66.0
جامعة الفرات الوسط التقنية,الكلية التقنية القسام الهندسية,المسيب-قسم تقنيات الهندسة الكهربائية,علمي,65.29
الجامعة التقنية الوسطى,كلية البوليتكنك بغداد,التخصصات الهندسية-قسم تقنيات هندسة الصناعات الكيمياوية والنفطية,علمي,65.14
الجامعة التقنية الوسطى,الكلية التقنية الكوت,التخصصات الهندسية-قسم التقنيات الكهروميكانيكية,علمي,64.71
جامعة الفرات الوسط التقنية,الكلية التقنية القسام الهندسية,المسيب-قسم هندسة تقنيات البناء والنشاءات,علمي,64.71
الجامعة التقنية الشمالية,الكلية التقنية الحويجة,التخصصات الهندسية-قسم هندسة تقنيات البناء والنشاءات,علمي,64.57
الجامعة التقنية الشمالية,الكلية التقنية الهندسية,كركوك-قسم هندسة تقنيات المساحة,علمي,64.57
الجامعة التقنية الشمالية,الكلية التقنية الهندسية,الموصل-قسم هندسة تقنيات ميكانيك القوى,علمي,64.29
جامعة الفرات الوسط التقنية,كلية البوليتكنك كربالء,التخصصات الهندسية-قسم تقنيات هندسة الطاقة المتجددة,علمي,64.29
الجامعة التقنية الشمالية,الكلية التقنية الهندسية,كركوك-قسم هندسة تقنيات ميكانيك القوى,علمي,64.14
الجامعة التقنية الشمالية,الكلية التقنية الحويجة,التخصصات الهندسية-قسم هندسة تقنيات الميكاترونكس,علمي,64.0
جامعة الفرات الوسط التقنية,الكلية التقنية القسام الهندسية,المسيب-قسم هندسة تقنيات ميكانيك القدرة,علمي,64.0
الجامعة التقنية الشمالية,الكلية التقنية الهندسية,الموصل-قسم هندسة تقنيات الميكانيك التطبيقي,علمي,64.0
الجامعة التقنية الشمالية,الكلية التقنية الهندسية,الموصل-قسم هندسة تقنيات الجيوماتكس,علمي,64.0
الجامعة التقنية الجنوبية,الكلية التقنية الشطرة,القسام الهندسية-قسم هندسة تقنيات البيئة والتلوث,علمي,64.0
جامعة الفرات الوسط التقنية,الكلية التقنية القسام الهندسية,المسيب-قسم هندسة تقنيات المكائن والمعدات,علمي,64.0
الجامعة التقنية الشمالية,الكلية التقنية الهندسية,كركوك-قسم هندسة تقنيات اللكترونيك والسيطرة,علمي,64.0
الجامعة التقنية الشمالية,الكلية التقنية الهندسية,كركوك-قسم هندسة تقنيات البيئة والتلوث,علمي,64.0
الجامعة التقنية الوسطى,الكلية التقنية بعقوبة,التخصصات الهندسية-قسم التقنيات الكهروميكانيكية,علمي,64.0
جامعة الفرات الوسط التقنية,كلية البوليتكنك كربالء,التخصصات الهندسية-قسم تقنيات الهندسة الميكانيكية,علمي,63.57
الجامعة التقنية الشمالية,كلية البوليتكنك الموصل,التخصصات الهندسية-قسم تقنيات هندسة المساحة,علمي,61.86
كلية البوليتكنك الحويجة,التخصصات الهندسية-قسم تقنيات هندسة الشبكات وبرمجيات الحاسوب,,علمي,59.71
الجامعة التقنية الشمالية,كلية البوليتكنك الموصل,التخصصات الهندسية-قسم تقنيات الهندسة اللكترونية والتصالت,علمي,59.29
الجامعة التقنية الشمالية,كلية البوليتكنك الموصل,التخصصات الهندسية-قسم تقنيات الهندسة الميكانيكية,علمي,59.14
الجامعة التقنية الوسطى,كلية البوليتكنك بغداد,التخصصات الهندسية-قسم هندسة التصنيع المبرمج,علمي,59.0
جامعة الفرات الوسط التقنية,كلية البوليتكنك القادسية,التخصصات الهندسية-قسم تقنيات الهندسة الميكانيكية,علمي,59.0
الجامعة التقنية الشمالية,كلية البوليتكنك كركوك,التخصصات الهندسية-قسم تقنيات هندسة البناء والنشاءات,علمي,58.0
كلية البوليتكنك الحويجة,التخصصات الهندسية-قسم تقنيات هندسة الجهزة الطبية,,علمي,55.71
كلية البوليتكنك الحويجة,التخصصات الهندسية-قسم تقنيات الهندسة الكهربائية,,علمي,52.71
الجامعة التقنية الشمالية,كلية البوليتكنك الموصل,التخصصات الهندسية-قسم تقنيات هندسة الوتوترونكس,علمي,52.0
الجامعة التقنية الشمالية,كلية البوليتكنك الموصل,التخصصات الهندسية-قسم تقنيات هندسة البيئة والموارد المائية,علمي,51.29
الجامعة التقنية الجنوبية,الكلية التقنية الشطرة,القسام الزراعية-قسم تقنيات استصالح الراضي والري الحديث,علمي,59.71
جامعة الفرات الوسط التقنية,الكلية التقنية القسام الزراعية,المسيب,علمي,55.14
الكلية التقنية الزراعية,الموصل,,علمي,55.0
الجامعة التقنية الجنوبية,الكلية التقنية الدارية,البصرة,علمي,69.86
الجامعة التقنية الجنوبية,الكلية التقنية القسام الدارية,ذي قار-قسم تقنيات المحاسبة,علمي,63.71
الجامعة التقنية الوسطى,الكلية التقنية الدارية,بغداد-الرصافة,علمي,62.0
الجامعة التقنية الوسطى,الكلية التقنية الكوت,التخصصات الدارية-قسم تقنيات المحاسبة,علمي,61.86
جامعة الفرات الوسط التقنية,الكلية التقنية الدارية,الكوفة,أدبي,61.57
الجامعة التقنية الوسطى,الكلية التقنية بعقوبة,التخصصات الدارية-قسم تقنيات المحاسبة,أدبي,60.71
الجامعة التقنية الجنوبية,الكلية التقنية القسام الدارية,ذي قار-قسم تقنيات المحاسبة,أدبي,60.57
الجامعة التقنية الشمالية,الكلية التقنية الدارية,الموصل,أدبي,60.29
الجامعة التقنية الشمالية,الكلية التقنية الحويجة,التخصصات الدارية,علمي,60.29
الجامعة التقنية الوسطى,الكلية التقنية الدارية,بغداد-الرصافة,أدبي,60.14
الجامعة التقنية الوسطى,الكلية التقنية بعقوبة,التخصصات الدارية-قسم تقنيات المحاسبة,علمي,60.0
الجامعة التقنية الشمالية,الكلية التقنية الدارية,الموصل,علمي,60.0
جامعة الفرات الوسط التقنية,الكلية التقنية الدارية,الكوفة,علمي,60.0
الجامعة التقنية الجنوبية,الكلية التقنية الدارية,البصرة,أدبي,60.0
الجامعة التقنية الشمالية,الكلية التقنية الحويجة,التخصصات الدارية,أدبي,60.0
الجامعة التقنية الشمالية,كلية البوليتكنك كركوك,التخصصات الدارية-قسم تقنيات المحاسبة,علمي,59.71
جامعة الفرات الوسط التقنية,كلية البوليتكنك كربالء,التخصصات الدارية,علمي,59.0
الجامعة التقنية الشمالية,كلية البوليتكنك كركوك,التخصصات الدارية-قسم تقنيات المحاسبة,أدبي,58.43
الجامعة التقنية الوسطى,كلية البوليتكنك بغداد,التخصصات الدارية,علمي,55.29
جامعة الفرات الوسط التقنية,كلية البوليتكنك القادسية,التخصصات الدارية,علمي,54.71
جامعة الفرات الوسط التقنية,كلية البوليتكنك كربالء,التخصصات الدارية,أدبي,51.0
الجامعة التقنية الوسطى,كلية البوليتكنك بغداد,التخصصات الدارية,أدبي,50.71
جامعة الفرات الوسط التقنية,كلية البوليتكنك القادسية,التخصصات الدارية,أدبي,50.14
الجامعة التقنية الوسطى,كلية الفنون التطبيقية,,فنون,65.57
الجامعة التقنية الوسطى,كلية الفنون التطبيقية,,أدبي,60.14
الجامعة التقنية الوسطى,كلية الفنون التطبيقية,,علمي,60.0
كلية البوليتكنك بغداد,الفنون التطبيقية,,علمي,50.86
كلية البوليتكنك بغداد,الفنون التطبيقية,,أدبي,50.29
الجامعة التقنية الجنوبية,المعهد التقني الطبي,البصرة-قسم تقنيات التخدير,علمي,96.0
الجامعة التقنية الجنوبية,المعهد التقني الطبي,البصرة-قسم تقنيات الصيدلة,علمي,95.29
الجامعة التقنية الشمالية,المعهد التقني الطبي,الموصل-قسم تقنيات التخدير,علمي,93.86
الجامعة التقنية الجنوبية,المعهد التقني الطبي,البصرة-قسم تقنيات المختبرات الطبية,علمي,93.29
الجامعة التقنية الشمالية,المعهد التقني الطبي,الموصل-قسم تقنيات الصيدلة,علمي,93.0
الجامعة التقنية الشمالية,المعهد التقني الطبي,كركوك-قسم تقنيات الصيدلة,علمي,91.0
الجامعة التقنية الوسطى,المعهد الطبي,بغداد باب المعظم,علمي,90.86
الجامعة التقنية الجنوبية,المعهد التقني الطبي,البصرة-قسم تقنيات صحة المجتمع,علمي,90.14
الجامعة التقنية الشمالية,المعهد التقني الطبي,الموصل-قسم تقنيات الشعة,علمي,90.14
الجامعة التقنية الشمالية,المعهد التقني الدور(صالح الدين),التخصصات الطبية-قسم تقنيات الصيدلة,علمي,89.71
الجامعة التقنية الوسطى,المعهد التقني الطبي,بغداد المنصور,علمي,88.71
الجامعة التقنية الشمالية,المعهد التقني الطبي,الموصل-قسم تقنيات المختبرات الطبية,علمي,87.71
الجامعة التقنية الشمالية,المعهد التقني الطبي,الموصل-قسم تقنيات فحص البصر,علمي,87.29
الجامعة التقنية الوسطى,المعهد الطبي,بغداد باب المعظم-قسم تقنيات وقاية السنان,علمي,87.0
الجامعة التقنية الوسطى,المعهد الطبي,بغداد باب المعظم-قسم تقنيات طب الطوارئ والسعافات الولية,علمي,86.43
الجامعة التقنية الشمالية,المعهد التقني الطبي,الموصل-قسم تقنيات طب الطوارئ والسعاف الفوري,علمي,86.0
الجامعة التقنية الوسطى,المعهد الطبي,بغداد باب المعظم-قسم تقنيات العالج الطبيعي,علمي,85.86
الجامعة التقنية الشمالية,المعهد التقني الطبي,كركوك-قسم تقنيات صحة المجتمع,علمي,85.71
جامعة الفرات الوسط التقنية,المعهد التقني كربالء,التخصصات الطبية,علمي,85.14
جامعة الفرات الوسط التقنية,المعهد التقني الكوفة,التخصصات الطبية,علمي,85.0
الجامعة التقنية الوسطى,المعهد التقني بلد,التخصصات الطبية-قسم تقنيات الكلية الصناعية,علمي,84.71
الجامعة التقنية الشمالية,المعهد التقني الطبي,الموصل-قسم تقنيات صحة المجتمع,علمي,84.71
الجامعة التقنية الجنوبية,المعهد التقني العمارة,التخصصات الطبية,علمي,84.57
جامعة الفرات الوسط التقنية,المعهد التقني بابل,التخصصات الطبية,علمي,84.43
الجامعة التقنية الوسطى,المعهد التقني بعقوبة,التخصصات الطبية-قسم تقنيات المختبرات الطبية,علمي,84.14
الجامعة التقنية الوسطى,المعهد الطبي,بغداد باب المعظم-قسم تقنيات السمع والنطق,علمي,83.0
الجامعة التقنية الوسطى,المعهد الطبي,بغداد باب المعظم-قسم تقنيات الطراف والمساند,علمي,82.71
الجامعة التقنية الشمالية,المعهد التقني الدور(صالح الدين),التخصصات الطبية-قسم تقنيات المختبرات الطبية,علمي,82.57
الجامعة التقنية الجنوبية,المعهد التقني الناصرية,التخصصات الطبية,علمي,82.43
الجامعة التقنية الوسطى,المعهد الطبي,بغداد باب المعظم-قسم تقنيات العالج الوظيفي,علمي,82.43
الجامعة التقنية الوسطى,المعهد التقني الطبي,بغداد المنصور-قسم تقنيات المختبرات الطبية,علمي,82.23
الجامعة التقنية الوسطى,المعهد الطبي,بغداد باب المعظم-قسم تقنيات التغذية الصحية,علمي,82.14
الجامعة التقنية الوسطى,المعهد التقني الطبي,بغداد المنصور-قسم تقنيات الدلة الجنائية والعدلية,علمي,81.86
الجامعة التقنية الوسطى,المعهد التقني بعقوبة,التخصصات الطبية-قسم تقنيات صحة المجتمع,علمي,81.57
جامعة الفرات الوسط التقنية,المعهد التقني المسيب,التخصصات الطبية,علمي,80.0
الجامعة التقنية الشمالية,المعهد التقني الحويجة,التخصصات الطبية-قسم تقنيات المختبرات الطبية,علمي,78.86
الجامعة التقنية الوسطى,المعهد التقني الصويرة,التخصصات الطبية-قسم تقنيات المختبرات الطبية,علمي,78.57
الجامعة التقنية الوسطى,المعهد التقني بلد,التخصصات الطبية-قسم تقنيات المختبرات الطبية,علمي,77.57
جامعة الفرات الوسط التقنية,المعهد التقني السماوة,التخصصات الطبية,علمي,77.0
الجامعة التقنية الشمالية,المعهد التقني النمرود,التخصصات الطبية-قسم تقنيات التغذية العالجية,علمي,76.57
الجامعة التقنية الشمالية,المعهد التقني الحويجة,التخصصات الطبية-قسم تقنيات فحص البصر,علمي,76.29
الجامعة التقنية الوسطى,المعهد التقني النبار,التخصصات الطبية-قسم تقنيات صحة المجتمع,علمي,75.29
الجامعة التقنية الشمالية,المعهد التقني الحويجة,التخصصات الطبية-قسم تقنيات الدلة الجنائية,علمي,75.14
الجامعة التقنية الشمالية,المعهد التقني الدور(صالح الدين),التخصصات الطبية-قسم الطراف الصناعية,علمي,75.0
الجامعة التقنية الوسطى,المعهد التقني الكوت,التخصصات الطبية,علمي,73.86
الجامعة التقنية الوسطى,المعهد التقني الطبي,بغداد المنصور-قسم تقنيات الدارة الصحية,علمي,73.43
جامعة الفرات الوسط التقنية,المعهد التقني القادسية,التخصصات الطبية,علمي,72.86
الجامعة التقنية الجنوبية,المعهد التقني الشطرة,التخصصات الطبية-قسم تقنيات الدارة الصحية,علمي,71.57
جامعة الفرات الوسط التقنية,المعهد التقني الرميثة,التخصصات الطبية,علمي,71.29
جامعة الفرات الوسط التقنية,المعهد التقني النجف,التخصصات الطبية,علمي,70.57
الجامعة التقنية الجنوبية,المعهد التقني التكنولوجي,البصرة,علمي,66.0
الجامعة التقنية الجنوبية,المعهد التقني العمارة,التخصصات الهندسية,علمي,63.29
الجامعة التقنية الجنوبية,المعهد التقني الناصرية,التخصصات الهندسية,علمي,60.43
جامعة الفرات الوسط التقنية,المعهد التقني الكوفة,التخصصات الهندسية,علمي,59.71
معهد التكنلوجيا,بغداد,,علمي,58.29
جامعة الفرات الوسط التقنية,المعهد التقني الرميثة,التخصصات الهندسية,علمي,52.14
جامعة الفرات الوسط التقنية,المعهد التقني السماوة,التخصصات الهندسية,علمي,52.14
الجامعة التقنية الوسطى,المعهد التقني الكوت,التخصصات الهندسية,علمي,51.86
الجامعة التقنية الشمالية,المعهد التقني الحويجة,التخصصات الهندسية,علمي,51.71
الجامعة التقنية الوسطى,المعهد التقني بعقوبة,التخصصات الهندسية,علمي,51.57
جامعة الفرات الوسط التقنية,المعهد التقني بابل,التخصصات الهندسية,علمي,51.0
الجامعة التقنية الشمالية,المعهد التقني الدور(صالح الدين),التخصصات الهندسية,علمي,51.0
جامعة الفرات الوسط التقنية,المعهد التقني النجف,التخصصات الهندسية,علمي,50.43
جامعة الفرات الوسط التقنية,المعهد التقني المسيب,التخصصات الهندسية,علمي,50.43
الجامعة التقنية الوسطى,المعهد التقني الصويرة,التخصصات الهندسية,علمي,50.14
الجامعة التقنية الشمالية,المعهد التقني الموصل,التخصصات الهندسية,علمي,50.14
الجامعة التقنية الجنوبية,المعهد التقني الشطرة,التخصصات الهندسية,علمي,50.0
الجامعة التقنية الشمالية,المعهد التقني كركوك,التخصصات الهندسية,علمي,50.0
الجامعة التقنية الوسطى,المعهد التقني النبار,التخصصات الهندسية,علمي,50.0
الجامعة التقنية الوسطى,المعهد التقني الصويرة,التخصصات الزراعية,علمي,53.71
جامعة الفرات الوسط التقنية,المعهد التقني المسيب,التخصصات الزراعية,علمي,52.86
الجامعة التقنية الشمالية,المعهد التقني الحويجة,التخصصات الزراعية-قسم تقنيات النتاج النباتي,علمي,51.86
الجامعة التقنية الجنوبية,المعهد التقني الشطرة,التخصصات الزراعية,علمي,51.29
الجامعة التقنية الوسطى,المعهد التقني الكوت,التخصصات الزراعية-قسم تقنيات الحيائية الزراعية,علمي,50.29
جامعة الفرات الوسط التقنية,المعهد التقني الكوفة,التخصصات الزراعية,علمي,50.14
الجامعة التقنية الجنوبية,المعهد التقني الداري,البصرة,علمي,65.86
الجامعة التقنية الجنوبية,المعهد التقني العمارة,التخصصات الدارية-قسم تقنيات المحاسبة,علمي,65.14
الجامعة التقنية الجنوبية,المعهد التقني الناصرية,التخصصات الدارية,علمي,62.71
الجامعة التقنية الجنوبية,المعهد التقني الشطرة,التخصصات الدارية-قسم تقنيات ادارة المواد,علمي,60.57
جامعة الفرات الوسط التقنية,المعهد التقني الكوفة,التخصصات الدارية,علمي,58.29
الجامعة التقنية الجنوبية,المعهد التقني العمارة,التخصصات الدارية-قسم تقنيات المحاسبة,أدبي,57.86
الجامعة التقنية الجنوبية,المعهد التقني الداري,البصرة,أدبي,57.86
الجامعة التقنية الشمالية,المعهد التقني النمرود,التخصصات الدارية-قسم تقنيات الدارة القانونية,علمي,57.14
الجامعة التقنية الجنوبية,المعهد التقني الناصرية,التخصصات الدارية,أدبي,56.71
جامعة الفرات الوسط التقنية,المعهد التقني الرميثة,التخصصات الدارية-قسم تقنيات المحاسبة,علمي,56.43
الجامعة التقنية الجنوبية,المعهد التقني الشطرة,التخصصات الدارية-قسم تقنيات ادارة المواد,أدبي,55.43
الجامعة التقنية الوسطى,المعهد التقني بلد,التخصصات الدارية-قسم تقنيات المحاسبة,علمي,54.57
الجامعة التقنية الشمالية,المعهد التقني النمرود,التخصصات الدارية-قسم تقنيات الدارة القانونية,أدبي,54.29
الجامعة التقنية الشمالية,المعهد التقني الدور(صالح الدين),التخصصات الدارية,أدبي,54.29
الجامعة التقنية الشمالية,المعهد التقني كركوك,التخصصات الدارية,أدبي,54.0
جامعة الفرات الوسط التقنية,المعهد التقني بابل,التخصصات الدارية,علمي,53.29
الجامعة التقنية الشمالية,المعهد التقني الدور(صالح الدين),التخصصات الدارية,علمي,53.0
الجامعة التقنية الوسطى,المعهد التقني الكوت,التخصصات الدارية,علمي,53.0
الجامعة التقنية الوسطى,المعهد التقني النبار,التخصصات الدارية,علمي,52.86
الجامعة التقنية الوسطى,معهد الدارة,الرصافة,أدبي,52.86
الجامعة التقنية الشمالية,المعهد التقني الحويجة,التخصصات الدارية,أدبي,52.71
جامعة الفرات الوسط التقنية,المعهد التقني السماوة,التخصصات الدارية,علمي,51.86
الجامعة التقنية الوسطى,المعهد التقني بعقوبة,التخصصات الدارية,علمي,51.71
معهد الدارة التقني,بغداد,,أدبي,51.43
الجامعة التقنية الشمالية,المعهد التقني الحويجة,التخصصات الدارية,علمي,51.29
جامعة الفرات الوسط التقنية,المعهد التقني الرميثة,التخصصات الدارية-قسم تقنيات المحاسبة,أدبي,50.86
الجامعة التقنية الوسطى,المعهد التقني بلد,التخصصات الدارية-قسم تقنيات المحاسبة,أدبي,50.86
جامعة الفرات الوسط التقنية,المعهد التقني المسيب,التخصصات الدارية,أدبي,50.86
جامعة الفرات الوسط التقنية,المعهد التقني الكوفة,التخصصات الدارية,أدبي,50.57
الجامعة التقنية الشمالية,معهد الدارة التقني,نينوى,علمي,50.57
الجامعة التقنية الوسطى,المعهد التقني الكوت,التخصصات الدارية,أدبي,50.57
جامعة الفرات الوسط التقنية,المعهد التقني المسيب,التخصصات الدارية,علمي,50.57
معهد الدارة التقني,بغداد,,علمي,50.43
الجامعة التقنية الوسطى,المعهد التقني الصويرة,التخصصات الدارية,علمي,50.43
الجامعة التقنية الوسطى,المعهد التقني الصويرة,التخصصات الدارية,أدبي,50.43
الجامعة التقنية الوسطى,المعهد التقني بعقوبة,التخصصات الدارية,أدبي,50.43
جامعة الفرات الوسط التقنية,المعهد التقني السماوة,التخصصات الدارية,أدبي,50.43
الجامعة التقنية الشمالية,المعهد التقني كركوك,التخصصات الدارية,علمي,50.29
جامعة الفرات الوسط التقنية,المعهد التقني النجف,التخصصات الدارية,أدبي,50.0
جامعة الفرات الوسط التقنية,المعهد التقني بابل,التخصصات الدارية,أدبي,50.0
الجامعة التقنية الشمالية,معهد الدارة التقني,نينوى,أدبي,50.0
الجامعة التقنية الوسطى,معهد الدارة,الرصافة,علمي,50.0
الجامعة التقنية الوسطى,المعهد التقني النبار,التخصصات الدارية,أدبي,50.0
جامعة الفرات الوسط التقنية,المعهد التقني النجف,التخصصات الدارية,علمي,50.0
الجامعة التقنية الجنوبية,المعهد التقني الناصرية,تخصصات الفنون التطبيقية-قسم تقنيات الفنون التطبيقية,علمي,65.71
جامعة الفرات الوسط التقنية,المعهد التقني النجف,تخصصات الفنون التطبيقية-قسم تقنيات التصميم والتزيين المعماري,علمي,62.14
معهد الفنون التطبيقية,بغداد,,علمي,60.43
الجامعة التقنية الجنوبية,المعهد التقني الناصرية,تخصصات الفنون التطبيقية-قسم تقنيات الفنون التطبيقية,أدبي,56.14
الجامعة التقنية الجنوبية,المعهد التقني الناصرية,تخصصات الفنون التطبيقية-قسم تقنيات الفنون التطبيقية,فنون,55.0
معهد الفنون التطبيقية,بغداد,,أدبي,54.29
معهد الفنون التطبيقية,بغداد,,فنون,52.0
جامعة الفرات الوسط التقنية,المعهد التقني النجف,تخصصات الفنون التطبيقية-قسم تقنيات التصميم والتزيين المعماري,أدبي,51.43
جامعة الفرات الوسط التقنية,المعهد التقني النجف,تخصصات الفنون التطبيقية-قسم تقنيات التصميم والتزيين المعماري,فنون,50.0
الجامعة التقنية الوسطى,معهد اعداد المدربين التقنيين,بغداد,علمي,50.57
